-- phpMyAdmin SQL Dump
-- version 4.8.2
-- https://www.phpmyadmin.net/
--
-- Máy chủ: 127.0.0.1
-- Thời gian đã tạo: Th7 22, 2020 lúc 01:24 PM
-- Phiên bản máy phục vụ: 10.1.34-MariaDB
-- Phiên bản PHP: 7.2.8

SET SQL_MODE = "NO_AUTO_VALUE_ON_ZERO";
SET AUTOCOMMIT = 0;
START TRANSACTION;
SET time_zone = "+00:00";


/*!40101 SET @OLD_CHARACTER_SET_CLIENT=@@CHARACTER_SET_CLIENT */;
/*!40101 SET @OLD_CHARACTER_SET_RESULTS=@@CHARACTER_SET_RESULTS */;
/*!40101 SET @OLD_COLLATION_CONNECTION=@@COLLATION_CONNECTION */;
/*!40101 SET NAMES utf8mb4 */;

--
-- Cơ sở dữ liệu: `shopsmart`
--

-- --------------------------------------------------------

--
-- Cấu trúc bảng cho bảng `account`
--

CREATE TABLE `account` (
  `username` char(50) NOT NULL,
  `password` text NOT NULL,
  `name` text CHARACTER SET utf8 COLLATE utf8_unicode_ci NOT NULL,
  `phone` text NOT NULL,
  `address` text CHARACTER SET utf8 COLLATE utf8_unicode_ci NOT NULL,
  `type` int(11) NOT NULL
) ENGINE=InnoDB DEFAULT CHARSET=latin1;

--
-- Đang đổ dữ liệu cho bảng `account`
--

INSERT INTO `account` (`username`, `password`, `name`, `phone`, `address`, `type`) VALUES
('123', '123', '123', '123', '123', 1),
('a1', '123456', 'â', 'a', 'a', 1),
('a2', 'a', 'â', 'a', 'a', 1),
('a3', 'a', 'a', 'a', 'a', 1),
('aaa', '1', '1', '1', '1', 1),
('admin', '123456', 'Admin', '0123456789', 'Ha Nội', 0),
('asd12345', 'asd12345', 'a', 'a', 'a', 1),
('asd123456', 'asd12345', 'asd12345', 'asd12345', 'asd12345', 1),
('asd123457', 'asd12345', 'â', 'aaaa', 'aaa', 1),
('test', '123456', 'Test', '0123456789', 'Hà ', 1),
('test1', '1', 'Test', '0123456789', 'Hà Nội', 1),
('test123', 'a', 'a', 'a', 'a', 1),
('test123456', 'zzzzzzz', 'zzzzzzzzzzz', 'cccccccc', 'vvvvvvvvv', 1),
('tung1', '123456', 'aa', 'â', 'â', 1),
('tungtung', '123456', 'tung', '03232323', 'aaa', 1),
('tungtung123', 'tungtung123', 'aaa', 'aaa', '111', 1);

-- --------------------------------------------------------

--
-- Cấu trúc bảng cho bảng `cart`
--

CREATE TABLE `cart` (
  `id` int(11) NOT NULL,
  `order_date` text COLLATE utf8_unicode_ci NOT NULL,
  `status` int(11) NOT NULL,
  `username` char(50) COLLATE utf8_unicode_ci NOT NULL
) ENGINE=InnoDB DEFAULT CHARSET=utf8 COLLATE=utf8_unicode_ci;

--
-- Đang đổ dữ liệu cho bảng `cart`
--

INSERT INTO `cart` (`id`, `order_date`, `status`, `username`) VALUES
(1, '10:25 08/11/2019', 3, 'test'),
(2, '01:16 15/07/2020', 3, 'tungtung'),
(3, '01:18 15/07/2020', 3, 'tung1'),
(4, '02:30 15/07/2020', 1, 'test123'),
(5, '02:39 15/07/2020', 3, 'tungtung123'),
(35, '11:27 21/07/2020', 0, 'a1'),
(36, '11:28 21/07/2020', 0, 'a1'),
(37, '02:20 21/07/2020', -1, 'a1'),
(38, '02:21 21/07/2020', -1, 'a1'),
(39, '02:21 21/07/2020', -1, 'a1'),
(40, '02:21 21/07/2020', 3, 'a1'),
(41, '11:02 21/07/2020', 2, '123'),
(42, '11:03 21/07/2020', -1, '123'),
(43, '11:09 21/07/2020', 0, '123'),
(44, '11:19 21/07/2020', 0, '123'),
(45, '11:20 21/07/2020', -1, '123'),
(46, '11:20 21/07/2020', -1, '123'),
(47, '11:21 21/07/2020', -1, '123'),
(48, '11:21 21/07/2020', 0, '123');

-- --------------------------------------------------------

--
-- Cấu trúc bảng cho bảng `cart_detail`
--

CREATE TABLE `cart_detail` (
  `id_cart` int(11) NOT NULL,
  `id_item` int(11) NOT NULL,
  `count` int(11) NOT NULL,
  `price` int(11) NOT NULL,
  `size` text COLLATE utf8_unicode_ci NOT NULL
) ENGINE=InnoDB DEFAULT CHARSET=utf8 COLLATE=utf8_unicode_ci;

--
-- Đang đổ dữ liệu cho bảng `cart_detail`
--

INSERT INTO `cart_detail` (`id_cart`, `id_item`, `count`, `price`, `size`) VALUES
(1, 1, 1, 6200000, 'Red'),
(1, 1, 1, 6200000, 'Black'),
(2, 3, 2, 50000000, 'Red'),
(2, 4, 1, 7500000, 'Red'),
(3, 5, 1, 25000000, 'Red'),
(3, 7, 1, 16600000, 'Red'),
(4, 6, 3, 60000000, 'Red'),
(5, 1, 1, 6200000, 'Red'),
(5, 5, 1, 25000000, 'Red'),
(6, 2, 2, 8720000, 'Red'),
(7, 7, 1, 16600000, 'Red'),
(34, 1, 4, 24800000, 'Red'),
(36, 1, 4, 24800000, 'Red'),
(40, 1, 1, 6200000, 'Red'),
(41, 3, 5, 125000000, 'Red'),
(48, 1, 1, 6200000, 'Red'),
(48, 2, 1, 4360000, 'Red');

-- --------------------------------------------------------

--
-- Cấu trúc bảng cho bảng `group`
--

CREATE TABLE `group` (
  `id` int(11) NOT NULL,
  `name` text CHARACTER SET utf8 COLLATE utf8_unicode_ci NOT NULL
) ENGINE=InnoDB DEFAULT CHARSET=latin1;

--
-- Đang đổ dữ liệu cho bảng `group`
--

INSERT INTO `group` (`id`, `name`) VALUES
(6, 'Samsung'),
(7, 'Apple'),
(8, 'Oppo'),
(9, 'Xiaomi');

-- --------------------------------------------------------

--
-- Cấu trúc bảng cho bảng `image`
--

CREATE TABLE `image` (
  `id` int(11) NOT NULL,
  `id_item` int(11) NOT NULL,
  `url` text CHARACTER SET utf8 COLLATE utf8_unicode_ci NOT NULL
) ENGINE=InnoDB DEFAULT CHARSET=latin1;

--
-- Đang đổ dữ liệu cho bảng `image`
--

INSERT INTO `image` (`id`, `id_item`, `url`) VALUES
(18, 0, 'img/item/s'),
(19, 0, 'img/item/screencapture-localhost-82-dichvucong-kethon-php-2019-05-19-22_47_41.png'),
(20, 0, 'img/item/screencapture-localhost-82-dichvucong-khaisinh-php-2019-05-19-22_47_34.png'),
(21, 0, 'img/item/screencapture-localhost-82-dichvucong-khaitu-php-2019-05-19-22_47_58.png'),
(93, 2, 'img/item/637049168849441623_ss-a20s-xanh-1.png'),
(94, 2, 'img/item/637049168849131639_ss-a20s-xanh-2.png'),
(95, 2, 'img/item/637049168849121650_ss-a20s-xanh-3.png'),
(96, 2, 'img/item/637049168848951724_ss-a20s-xanh-4.png'),
(97, 2, 'img/item/637049168848152311_ss-a20s-xanh-5.png'),
(98, 3, 'img/item/637008702547566121_SS-note-10-pl-glow-1-1.png'),
(99, 3, 'img/item/637008691896296121_SS-note-10-pl-glow-4.png'),
(100, 3, 'img/item/637008691896296121_SS-note-10-pl-glow-3.png'),
(101, 3, 'img/item/637008691896256121_SS-note-10-pl-glow-2.png'),
(102, 3, 'img/item/637008691895586121_SS-note-10-pl-glow-5.png'),
(110, 4, 'img/item/636863636051023338_ss-galaxy-s10-plus-den-1.png'),
(111, 4, 'img/item/636863636050913338_ss-galaxy-s10-plus-den-2.png'),
(112, 4, 'img/item/636863636050673338_ss-galaxy-s10-plus-den-3.png'),
(113, 5, 'img/item/637037687763926758_11-pro-max-xanh.png'),
(114, 6, 'img/item/636767481293463872_iphone-xs-gold-4.png'),
(115, 6, 'img/item/636767481293188883_iphone-xs-gold-2.png'),
(116, 6, 'img/item/636767481289803972_iphone-xs-gold-3.png'),
(117, 6, 'img/item/636748771945393060_iPhone-Xs-Max-gold.png'),
(118, 7, 'img/item/636808956101668511_iphone8-plus-64-vang-1.png'),
(119, 7, 'img/item/636459040422816229_2.jpg'),
(120, 7, 'img/item/636459040422660236_3.jpg'),
(121, 7, 'img/item/636459040422660236_1.jpg'),
(122, 8, 'img/item/636459040422660236_1.jpg'),
(123, 1, 'img/item/99113346_993522711066669_5445303268949360640_n.jpg');

-- --------------------------------------------------------

--
-- Cấu trúc bảng cho bảng `item`
--

CREATE TABLE `item` (
  `name` text COLLATE utf8_unicode_ci NOT NULL,
  `producer` text COLLATE utf8_unicode_ci NOT NULL,
  `price` int(11) NOT NULL,
  `quantity` int(11) NOT NULL,
  `desc` text COLLATE utf8_unicode_ci NOT NULL,
  `id` int(11) NOT NULL,
  `id_group` int(11) NOT NULL
) ENGINE=InnoDB DEFAULT CHARSET=utf8 COLLATE=utf8_unicode_ci;

--
-- Đang đổ dữ liệu cho bảng `item`
--

INSERT INTO `item` (`name`, `producer`, `price`, `quantity`, `desc`, `id`, `id_group`) VALUES
('Samsung Galaxy A30s', '', 6200000, 2, '<p>&nbsp;</p>\r\n\r\n<p>C&oacute; mặt tại thị trường Việt Nam từ năm 2009 Wave S 110 lu&ocirc;n được người ti&ecirc;u d&ugrave;ng đ&oacute;n nhận nồng nhiệt. Nhằm đến đối tượng kh&aacute;ch h&agrave;ng l&agrave; đại đa số người ti&ecirc;u d&ugrave;ng Việt Nam, Honda đ&atilde; kh&ocirc;ng ngừng cải tiến Wave S với mong muốn mang đến cho kh&aacute;ch h&agrave;ng một chiếc xe với nhiều t&iacute;nh năng tiện dụng nhưng kh&ocirc;ng k&eacute;m phần tinh tế v&agrave; thời trang.</p>\r\n\r\n<table>\r\n	<thead>\r\n		<tr>\r\n			<th colspan=\"1\" rowspan=\"1\">\r\n			<p><strong>Với 3 camera sau chuy&ecirc;n nghiệp, m&agrave;n h&igrave;nh Super AMOLED đẳng cấp v&agrave; &acirc;m thanh Dolby Atmos tuyệt hảo, Samsung Galaxy A30s đưa người d&ugrave;ng đến thế giới giải tr&iacute; sống động chưa từng thấy.</strong></p>\r\n\r\n			<p><strong><img alt=\"Samsung Galaxy A30s\" src=\"https://fptshop.com.vn/Uploads/images/2015/Tin-Tuc/QuanLNH2/galaxy-a30s-1.jpg\" /></strong></p>\r\n\r\n			<h3><strong>Camera đa t&iacute;nh năng, nhiếp ảnh chuy&ecirc;n nghiệp</strong></h3>\r\n\r\n			<p>Galaxy A30s l&agrave; một trong những chiếc điện thoại rẻ nhất tr&ecirc;n thị trường được trang bị 3 camera sau. Hơn thế nữa, 3 camera n&agrave;y đều c&oacute; chất lượng cao. Camera ch&iacute;nh độ ph&acirc;n giải l&ecirc;n tới 25MP sẵn s&agrave;ng mang đến những bức ảnh sắc n&eacute;t; camera g&oacute;c si&ecirc;u rộng 8MP thu được những cảnh g&oacute;c rộng như trong tầm mắt người; camera đo độ s&acirc;u 5MP hỗ trợ chụp ảnh x&oacute;a ph&ocirc;ng, l&agrave;m mờ hậu cảnh th&ocirc;ng minh. H&atilde;y chụp lại bất cứ thứ g&igrave; bạn th&iacute;ch v&igrave; Galaxy A30s lu&ocirc;n tỏ ra xuất sắc trong mọi bối cảnh.</p>\r\n\r\n			<p><img alt=\"camera Samsung Galaxy A30s\" src=\"https://fptshop.com.vn/Uploads/images/2015/Tin-Tuc/QuanLNH2/galaxy-a30s-2.jpg\" /></p>\r\n\r\n			<h3><strong>Giải tr&iacute; tr&ecirc;n m&agrave;n h&igrave;nh ấn tượng v&agrave; &acirc;m thanh cao cấp</strong></h3>\r\n\r\n			<p>Bạn sẽ được tận hưởng m&agrave;n h&igrave;nh lớn tới 6,4 inch v&ocirc; cực dạng Infinity-V, viền si&ecirc;u mỏng. Đặc biệt, đ&acirc;y l&agrave; m&agrave;n h&igrave;nh c&ocirc;ng nghệ Super AMOLED cao cấp, cho m&agrave;u sắc sống động, m&agrave;u đen c&oacute; độ s&acirc;u xuất sắc, độ s&aacute;ng v&agrave; độ tương phản cao. B&ecirc;n cạnh m&agrave;n h&igrave;nh ấn tượng, bạn c&ograve;n c&oacute; &acirc;m thanh cao cấp được t&ugrave;y chỉnh bởi Dolby Atmos. Những gi&acirc;y ph&uacute;t xem phim, chơi game, nghe nhạc tr&ecirc;n Galaxy A30s sẽ rất tuyệt vời.</p>\r\n\r\n			<p><img alt=\"màn hình Samsung Galaxy A30s\" src=\"https://fptshop.com.vn/Uploads/images/2015/Tin-Tuc/QuanLNH2/galaxy-a30s-3.jpg\" /></p>\r\n\r\n			<h3><strong>Cảm biến v&acirc;n tay trong m&agrave;n h&igrave;nh tiện lợi</strong></h3>\r\n\r\n			<p>Galaxy A30s trang bị phương thức bao mật ti&ecirc;n tiến bậc nhất hiện nay, đ&oacute; l&agrave; cảm biến v&acirc;n tay trong m&agrave;n h&igrave;nh. Một đầu đọc v&acirc;n tay được nh&uacute;ng ngay tr&ecirc;n m&agrave;n h&igrave;nh cảm ứng, cho ph&eacute;p bạn mở kh&oacute;a dễ d&agrave;ng chỉ sau một c&uacute; chạm. Nhanh ch&oacute;ng, tiện lợi v&agrave; bảo mật, đ&oacute; l&agrave; những g&igrave; bạn nhận được tr&ecirc;n Galaxy A30s.</p>\r\n\r\n			<p><img alt=\"vân tay Samsung Galaxy A30s\" src=\"https://fptshop.com.vn/Uploads/images/2015/Tin-Tuc/QuanLNH2/galaxy-a30s-4.jpg\" /></p>\r\n\r\n			<h3><strong>Mặt lưng 3D độc đ&aacute;o</strong></h3>\r\n\r\n			<p>Samsung Galaxy A30s xuất hiện với thiết kế ho&agrave;n to&agrave;n mới. Mặt lưng giờ đ&acirc;y c&oacute; c&aacute;c họa tiết kim cương 3D nổi bật, đổi m&agrave;u lấp l&aacute;nh khi bạn thay đổi g&oacute;c nh&igrave;n. Hai phi&ecirc;n bản đen v&agrave; trắng thanh lịch vốn l&agrave; m&agrave;u cơ bản nhưng giờ đ&acirc;y trở n&ecirc;n đặc biệt, độc đ&aacute;o hơn bao giờ hết nhờ kiểu thiết kế n&agrave;y. C&aacute;c đường n&eacute;t bo cong kh&eacute;o l&eacute;o gi&uacute;p Galaxy A30s dễ d&agrave;ng cầm nắm, thao t&aacute;c, lu&ocirc;n chắc chắn v&agrave; gọn g&agrave;ng tr&ecirc;n tay bạn.</p>\r\n\r\n			<p><img alt=\"thiết kế Samsung Galaxy A30s\" src=\"https://fptshop.com.vn/Uploads/images/2015/Tin-Tuc/QuanLNH2/galaxy-a30s-5.jpg\" /></p>\r\n\r\n			<h3><strong>Thoải m&aacute;i sử dụng nhờ pin &ldquo;tr&acirc;u&rdquo; v&agrave; sạc nhanh</strong></h3>\r\n\r\n			<p>Kh&ocirc;ng bao giờ bỏ lỡ những khoảnh khắc trong cuộc sống nhờ vi&ecirc;n pin dung lượng cao tới 4000 mAh của Samsung Galaxy A30s. Bạn c&oacute; thể thoải m&aacute;i sử dụng trọn cả ng&agrave;y d&agrave;i m&agrave; kh&ocirc;ng lo hết pin. Ngay cả khi điện thoại hết năng lượng, với c&ocirc;ng nghệ sạc nhanh 15W qua cổng USB Type-C ti&ecirc;n tiến, đơn giản chỉ cần 30 ph&uacute;t sạc để d&ugrave;ng th&ecirc;m nửa ng&agrave;y, Galaxy A30s lu&ocirc;n sẵn s&agrave;ng b&ecirc;n bạn.</p>\r\n\r\n			<p><img alt=\"pin Samsung Galaxy A30s\" src=\"https://fptshop.com.vn/Uploads/images/2015/Tin-Tuc/QuanLNH2/galaxy-a30s-6.jpg\" /></p>\r\n\r\n			<h3><strong>Tốc độ đỉnh cao</strong></h3>\r\n\r\n			<p>Cấu h&igrave;nh Samsung Galaxy A30s khiến c&aacute;c đối thủ trong c&ugrave;ng ph&acirc;n kh&uacute;c phải nể phục. Điện thoại sở hữu bộ vi xử l&yacute; Exynos 7904 t&aacute;m nh&acirc;n mạnh mẽ, mang đến sự mượt m&agrave; trong từng trải nghiệm. Với 4GB RAM v&agrave; 64GB bộ nhớ trong c&oacute; sẵn, tha hồ để bạn chạy đa nhiệm, mở nhiều ứng dụng c&ugrave;ng l&uacute;c, lưu trữ bất cả những g&igrave; bạn muốn.</p>\r\n\r\n			<p><img alt=\"hiệu năng Samsung Galaxy A30s\" src=\"https://fptshop.com.vn/Uploads/images/2015/Tin-Tuc/QuanLNH2/galaxy-a30s-7.jpg\" /></p>\r\n\r\n			<h3><strong>Thanh to&aacute;n th&ocirc;ng minh Samsung Pay</strong></h3>\r\n\r\n			<p>Một kỷ nguy&ecirc;n thanh to&aacute;n của tương lai đ&atilde; được t&iacute;ch hợp tr&ecirc;n Galaxy A30s. Kh&ocirc;ng cần thẻ, kh&ocirc;ng cần tiền mặt, đơn giản chỉ cần mang theo điện thoại của bạn. Sau một c&uacute; chạm, hoạt động thanh to&aacute;n đ&atilde; ho&agrave;n tất, v&ocirc; c&ugrave;ng đơn giản v&agrave; t&iacute;nh bảo mật cao với Samsung Pay.</p>\r\n\r\n			<p><img alt=\"Samsung Pay Samsung Galaxy A30s\" src=\"https://fptshop.com.vn/Uploads/images/2015/Tin-Tuc/QuanLNH2/galaxy-a30s-8.jpg\" /></p>\r\n			</th>\r\n			<th colspan=\"1\" rowspan=\"1\">&nbsp;</th>\r\n		</tr>\r\n	</thead>\r\n</table>\r\n\r\n<table>\r\n	<thead>\r\n		<tr>\r\n			<th colspan=\"1\" rowspan=\"1\">&nbsp;</th>\r\n			<th colspan=\"1\" rowspan=\"1\">&nbsp;</th>\r\n		</tr>\r\n	</thead>\r\n	<tbody>\r\n		<tr>\r\n			<td>&nbsp;</td>\r\n			<td>&nbsp;</td>\r\n		</tr>\r\n	</tbody>\r\n</table>\r\n', 1, 6),
('Samsung Galaxy A20s 32GB', '', 4360000, 99, '<p><strong>C&ugrave;ng Samsung Galaxy A20s kh&aacute;m ph&aacute; thế giới với m&agrave;n h&igrave;nh cực lớn 6,5 inch, 3 camera sau đẳng cấp thời thượng trong một mức gi&aacute; v&ocirc; c&ugrave;ng hấp dẫn.</strong></p>\r\n\r\n<p><strong><img alt=\"Samsung Galaxy A20s\" src=\"https://fptshop.com.vn/Uploads/images/2015/Tin-Tuc/QuanLNH2/samsung-galaxy-a20s.jpg\" /></strong></p>\r\n\r\n<h3><strong>M&agrave;n h&igrave;nh lớn cho những trải nghiệm lớn</strong></h3>\r\n\r\n<p>D&ugrave; cho bạn xem bất cứ nội dung g&igrave;, đọc b&aacute;o, xem phim hay chơi game th&igrave; Galaxy A20s với m&agrave;n h&igrave;nh lớn sẽ mang đến cho bạn kh&ocirc;ng gian trải nghiệm lớn hơn. Trước mắt ch&uacute;ng ta sẽ l&agrave; m&agrave;n h&igrave;nh 6,5 inch v&ocirc; cực dạng Infinity-V tuyệt hảo, hiển thị sống động, h&igrave;nh ảnh sắc n&eacute;t, hiệu ứng tr&agrave;n viền hấp dẫn. Mỗi ng&agrave;y tr&ocirc;i qua bạn đều được trải nghiệm những điều tuyệt vời m&agrave; m&agrave;n h&igrave;nh Infinity-V mang lại.</p>\r\n\r\n<p><img alt=\"màn hình Samsung Galaxy A20s\" src=\"https://fptshop.com.vn/Uploads/images/2015/Tin-Tuc/QuanLNH2/samsung-galaxy-a20s-1.jpg\" /></p>\r\n\r\n<h3><strong>Mặt lưng b&oacute;ng bẩy, m&agrave;u sắc phong c&aacute;ch</strong></h3>\r\n\r\n<p>Samsung Galaxy A20s c&oacute; thiết kế trẻ trung với mặt lưng b&oacute;ng bẩy thời trang. Mặt lưng A20s được ho&agrave;n thiện mượt m&agrave;, hiệu ứng đổi m&agrave;u v&agrave; phản chiếu &aacute;nh s&aacute;ng nhẹ nh&agrave;ng, bo cong mềm mại để cầm nắm dễ d&agrave;ng hơn. Bạn sẽ c&oacute; 3 sự lựa chọn m&agrave;u sắc đầy phong c&aacute;ch l&agrave; đen, đỏ v&agrave; xanh để lựa chọn.</p>\r\n\r\n<p><img alt=\"thiết kế Samsung Galaxy A20s\" src=\"https://fptshop.com.vn/Uploads/images/2015/Tin-Tuc/QuanLNH2/samsung-galaxy-a20s-2.jpg\" /></p>\r\n\r\n<h3><strong>3 camera sau cao cấp</strong></h3>\r\n\r\n<p>Galaxy A20s c&oacute; khả năng chụp ảnh chuy&ecirc;n nghiệp khi sở hữu 3 camera sau cao cấp với 3 vai tr&ograve; kh&aacute;c nhau. Bạn sẽ c&oacute; camera ch&iacute;nh 13MP, camera đo độ s&acirc;u 5MP v&agrave; camera g&oacute;c si&ecirc;u rộng 8MP. Camera đo độ s&acirc;u hỗ trợ chụp ảnh x&oacute;a ph&ocirc;ng, l&agrave;m mờ hậu cảnh v&agrave; nổi bật chủ thể. Trong khi đ&oacute; camera g&oacute;c si&ecirc;u rộng mang đến g&oacute;c chụp rộng tới 120 độ, lưu lại những khung cảnh h&ugrave;ng vĩ rộng lớn.</p>\r\n\r\n<p><img alt=\"camera Samsung Galaxy A20s\" src=\"https://fptshop.com.vn/Uploads/images/2015/Tin-Tuc/QuanLNH2/samsung-galaxy-a20s-3.jpg\" /></p>\r\n\r\n<h3><strong>Đưa mọi thứ v&agrave;o khung h&igrave;nh với camera g&oacute;c si&ecirc;u rộng</strong></h3>\r\n\r\n<p>Với camera g&oacute;c si&ecirc;u rộng, bạn sẽ kh&ocirc;ng bỏ lỡ bất cứ điều g&igrave; trong khung h&igrave;nh. H&igrave;nh ảnh thu được rộng gấp đ&ocirc;i camera b&igrave;nh thường. Ch&iacute;nh v&igrave; thế những ảnh chụp nh&oacute;m đ&ocirc;ng người hay chụp thi&ecirc;n nhi&ecirc;n to&agrave;n cảnh sẽ trở n&ecirc;n dễ d&agrave;ng hơn bao giờ hết.</p>\r\n\r\n<p><img alt=\"camera góc siêu rộng Samsung Galaxy A20s\" src=\"https://fptshop.com.vn/Uploads/images/2015/Tin-Tuc/QuanLNH2/samsung-galaxy-a20s-4.jpg\" /></p>\r\n\r\n<h3><strong>Nổi bật hơn với ảnh chụp x&oacute;a ph&ocirc;ng</strong></h3>\r\n\r\n<p>Sự hỗ trợ của camera đo độ s&acirc;u 5MP, kết hợp với camera ch&iacute;nh 12MP sẽ mang đến những bức ảnh chụp x&oacute;a ph&ocirc;ng đầy nghệ thuật. Camera đo độ s&acirc;u ti&ecirc;n tiến gi&uacute;p ph&acirc;n t&aacute;ch chủ thể với ph&ocirc;ng nền, đồng thời điều chỉnh độ mờ nền theo &yacute; muốn v&agrave; loại bỏ nhiễu nền mượt m&agrave;. Tr&ocirc;ng bạn sẽ nổi bật hơn với những bức ảnh x&oacute;a ph&ocirc;ng tinh tế.</p>\r\n\r\n<p><img alt=\"ảnh xóa phông Samsung Galaxy A20s\" src=\"https://fptshop.com.vn/Uploads/images/2015/Tin-Tuc/QuanLNH2/samsung-galaxy-a20s-5.jpg\" /></p>\r\n\r\n<h3><strong>Tỏa s&aacute;ng trong c&aacute;c bức ảnh selfie</strong></h3>\r\n\r\n<p>Camera trước 8MP của Galaxy A20s gi&uacute;p bạn tỏa s&aacute;ng trong những bức ảnh chụp &ldquo;tự sướng&rdquo;. H&igrave;nh ảnh sắc n&eacute;t, khu&ocirc;n mặt được l&agrave;m đẹp th&ocirc;ng minh v&agrave; thậm ch&iacute; c&ograve;n t&iacute;ch hợp cả t&iacute;nh năng lấy n&eacute;t động Live focus, bạn sẽ lu&ocirc;n l&agrave; ng&ocirc;i sao trong bức ảnh.</p>\r\n\r\n<p><img alt=\"ảnh selfie Samsung Galaxy A20s\" src=\"https://fptshop.com.vn/Uploads/images/2015/Tin-Tuc/QuanLNH2/samsung-galaxy-a20s-6.jpg\" /></p>\r\n\r\n<h3><strong>Hiệu năng mượt m&agrave;</strong></h3>\r\n\r\n<p>Bộ vi xử l&yacute; 8 nh&acirc;n mạnh mẽ đi c&ugrave;ng 3GB RAM v&agrave; 32GB bộ nhớ trong mang đến cho Samsung Galaxy A20s hiệu năng mượt m&agrave;. Mọi t&aacute;c vụ của bạn đều diễn ra nhanh ch&oacute;ng, kh&ocirc;ng phải chờ đợi. Với 32GB bộ nhớ trong v&agrave; hỗ trợ thẻ nhớ ngo&agrave;i tối đa 512GB, bạn sẽ c&oacute; đủ kh&ocirc;ng gian lưu trữ cho niềm đam m&ecirc; chụp ảnh, quay phim m&agrave; kh&ocirc;ng lo đầy bộ nhớ.</p>\r\n\r\n<p><img alt=\"hiệu năng Samsung Galaxy A20s\" src=\"https://fptshop.com.vn/Uploads/images/2015/Tin-Tuc/QuanLNH2/samsung-galaxy-a20s-7.jpg\" /></p>\r\n\r\n<h3><strong>Thời lượng pin lu&ocirc;n sẵn s&agrave;ng cho mỗi ng&agrave;y</strong></h3>\r\n\r\n<p>Bạn c&oacute; thể sử dụng điện thoại một c&aacute;ch thoải m&aacute;i trong cả ng&agrave;y m&agrave; kh&ocirc;ng cần phải sạc. Samsung Galaxy A20s mang tr&ecirc;n m&igrave;nh vi&ecirc;n pin dung lượng cao 4000 mAh sẽ đ&aacute;p ứng mọi y&ecirc;u cầu m&agrave; bạn mong muốn. Hơn nữa, Galaxy A20s c&ograve;n t&iacute;ch hợp c&ocirc;ng nghệ sạc nhanh 15W, nhanh ch&oacute;ng sạc đầy năng lượng để sẵn s&agrave;ng cho những thử th&aacute;ch mới. Chỉ cần 20 &ndash; 30 ph&uacute;t sạc để c&oacute; thể tiếp tục sử dụng trong một buổi, thật dễ d&agrave;ng để ho&agrave;n th&agrave;nh c&ocirc;ng việc.</p>\r\n\r\n<p><img alt=\"pin Samsung Galaxy A20s\" src=\"https://fptshop.com.vn/Uploads/images/2015/Tin-Tuc/QuanLNH2/samsung-galaxy-a20s-8.jpg\" /></p>\r\n', 2, 6),
('Samsung Galaxy Note 10+', 'Barca', 25000000, 5, '<p><strong>Chiếc điện thoại cao cấp nhất, m&agrave;n h&igrave;nh lớn nhất, mang tr&ecirc;n m&igrave;nh sức mạnh đ&aacute;ng kinh ngạc của một chiếc m&aacute;y t&iacute;nh v&agrave; hệ thống 4 camera sau chuy&ecirc;n nghiệp, đ&oacute; ch&iacute;nh l&agrave; Samsung Galaxy Note 10+, nơi quyền năng mới được thể hiện.</strong></p>\r\n\r\n<p><strong><img alt=\"Samsung Galaxy Note10+\" src=\"https://fptshop.com.vn/Uploads/images/2015/Tin-Tuc/QuanLNH2/samsung-galaxy-note-10-plus-1.jpg\" /></strong></p>\r\n\r\n<h3><strong>Chiếc Galaxy Note m&agrave;n h&igrave;nh lớn nhất</strong></h3>\r\n\r\n<p>Bạn sẽ được tận hưởng m&agrave;n h&igrave;nh c&oacute; chất lượng xuất sắc chưa từng thấy tr&ecirc;n Galaxy Note 10+. Một m&agrave;n h&igrave;nh lớn tới 6,8 inch, độ ph&acirc;n giải Quad HD+ si&ecirc;u sắc n&eacute;t v&agrave; thiết kế dạng v&ocirc; cực Infiniti-O chuẩn điện ảnh. Phần viền m&agrave;n h&igrave;nh được l&agrave;m si&ecirc;u mỏng c&ugrave;ng ống k&iacute;nh camera trước nhỏ gọn đặt kh&eacute;o l&eacute;o ngay tr&ecirc;n m&agrave;n h&igrave;nh đầy tinh tế v&agrave; thẩm mỹ. Chất lượng h&igrave;nh ảnh ho&agrave;n hảo đến từ c&ocirc;ng nghệ m&agrave;n h&igrave;nh Dynamic AMOLED cao cấp. M&agrave;u sắc ch&iacute;nh x&aacute;c tuyệt đối, độ s&aacute;ng tối đa l&ecirc;n tới 1200 nits c&ugrave;ng độ tương phản 2.000.000:1 sẽ n&acirc;ng trải nghiệm thị gi&aacute;c của bạn l&ecirc;n một tầm cao mới.</p>\r\n\r\n<p><img alt=\"màn hình Samsung Galaxy Note10+\" src=\"https://fptshop.com.vn/Uploads/images/2015/Tin-Tuc/QuanLNH2/samsung-galaxy-note-10-plus-4.jpg\" /></p>\r\n\r\n<h3><strong>Sức mạnh h&agrave;ng đầu tương đương một chiếc m&aacute;y t&iacute;nh</strong></h3>\r\n\r\n<p>Galaxy Note 10+ được trang bị cấu h&igrave;nh mạnh mẽ kh&ocirc;ng thua g&igrave; một chiếc m&aacute;y t&iacute;nh để b&agrave;n với những th&ocirc;ng số kh&oacute; tin. Bộ vi xử l&yacute; Exynos 9825 sản xuất tr&ecirc;n tiến tr&igrave;nh 7nm si&ecirc;u mạnh sẽ xử l&yacute; ho&agrave;n hảo mọi t&aacute;c vụ m&agrave; bạn cần tr&ecirc;n một chiếc smartphone. Đặc biệt, Note 10+ c&oacute; sẵn 12GB RAM, lớn nhất tr&ecirc;n một chiếc smartphone từ trước đến nay, cho ph&eacute;p bạn thoải m&aacute;i mở bao nhi&ecirc;u ứng dụng t&ugrave;y th&iacute;ch. Bộ nhớ trong l&ecirc;n tới 256GB, mang đến kh&ocirc;ng gian lưu trữ &ldquo;khổng lồ&rdquo;, qu&aacute; đủ để bạn chứa phim, ảnh, tệp tin, thoải m&aacute;i c&agrave;i ứng dụng m&agrave; kh&ocirc;ng lo bộ nhớ đầy.</p>\r\n\r\n<p><img alt=\"hiệu năng Samsung Galaxy Note10+\" src=\"https://fptshop.com.vn/Uploads/images/2015/Tin-Tuc/QuanLNH2/samsung-galaxy-note-10-plus.jpg\" /></p>\r\n\r\n<h3><strong>Sự lựa chọn của game thủ</strong></h3>\r\n\r\n<p>Phần cứng mạnh mẽ của Galaxy Note 10+ l&agrave; điều m&agrave; bất cứ game thủ n&agrave;o cũng mong ước. B&ecirc;n cạnh đ&oacute; bạn c&ograve;n c&oacute; hệ thống tản nhiệt buồng hơi ti&ecirc;n tiến, được thiết kế mỏng v&agrave; điều khiển bằng tr&iacute; tuệ nh&acirc;n tạo NPU n&acirc;ng cao. Trải nghiệm chơi game sẽ lu&ocirc;n lu&ocirc;n mượt m&agrave;, tốc độ khung h&igrave;nh cao, h&igrave;nh ảnh đẹp v&agrave; kh&ocirc;ng hề xẩy ra t&igrave;nh trạng trễ, giật.</p>\r\n\r\n<p><img alt=\"gaming Samsung Galaxy Note10+\" src=\"https://fptshop.com.vn/Uploads/images/2015/Tin-Tuc/QuanLNH2/samsung-galaxy-note-10-plus-9.jpg\" /></p>\r\n\r\n<h3><strong>Thời lượng pin si&ecirc;u khủng</strong></h3>\r\n\r\n<p>Dung lượng 4300mAh của vi&ecirc;n pin tr&ecirc;n Galaxy Note 10+ l&agrave; dung lượng pin lớn nhất của d&ograve;ng Galaxy Note từ trước đến nay. Hơn nữa, bạn c&ograve;n c&oacute; c&ocirc;ng nghệ pin th&ocirc;ng minh tự động nhận biết v&agrave; điều chỉnh năng lượng ti&ecirc;u thụ dựa theo th&oacute;i quen sử dụng của người d&ugrave;ng. Nhờ vậy Note 10+ cho thời gian sử dụng pin bền bỉ, trong điều kiện sử dụng th&ocirc;ng thường th&igrave; 2 ng&agrave;y bạn mới cần phải sạc một lần.</p>\r\n\r\n<p><img alt=\"pin Samsung Galaxy Note10+\" src=\"https://fptshop.com.vn/Uploads/images/2015/Tin-Tuc/QuanLNH2/samsung-galaxy-note-10-plus-7.jpg\" /></p>\r\n\r\n<h3><strong>C&ocirc;ng nghệ sạc si&ecirc;u nhanh 45W lần đầu ti&ecirc;n xuất hiện</strong></h3>\r\n\r\n<p>Samsung Galaxy Note 10+ đi k&egrave;m củ sạc nhanh 25W trong hộp, với củ sạc n&agrave;y bạn chỉ cần cắm sạc 30 ph&uacute;t l&agrave; đủ pin cho cả ng&agrave;y sử dụng. Tuy nhi&ecirc;n c&ograve;n hơn thế nữa, Galaxy Note 10+ l&agrave; chiếc điện thoại đầu ti&ecirc;n hỗ trợ sạc nhanh 45W, cho tốc độ sạc vượt trội, chỉ cần 15 ph&uacute;t sạc v&agrave; bạn sẽ sẵn s&agrave;ng l&agrave;m mọi thứ m&igrave;nh cần.</p>\r\n\r\n<p><img alt=\"sạc nhanh Samsung Galaxy Note10+\" src=\"https://fptshop.com.vn/Uploads/images/2015/Tin-Tuc/QuanLNH2/samsung-galaxy-note-10-plus-6.jpg\" /></p>\r\n\r\n<h3><strong>Bảo mật cao cấp bằng cảm biến v&acirc;n tay si&ecirc;u &acirc;m</strong></h3>\r\n\r\n<p>Một đầu đọc v&acirc;n tay được nh&uacute;ng ngay trong m&agrave;n h&igrave;nh Galaxy Note 10+, nhanh ch&oacute;ng nhận diện dấu v&acirc;n tay của ri&ecirc;ng bạn v&agrave; mở kh&oacute;a m&aacute;y. Đ&atilde; c&oacute; một số điện thoại trang bị cảm biến v&acirc;n tay trong m&agrave;n h&igrave;nh nhưng v&acirc;n tay si&ecirc;u &acirc;m của Note 10+ l&agrave; cảm biến an to&agrave;n v&agrave; độ ch&iacute;nh x&aacute;c cao nhất, bảo mật an to&agrave;n cho cả hệ thống điện thoại.</p>\r\n\r\n<p><img alt=\"vân tay Samsung Galaxy Note10+\" src=\"https://fptshop.com.vn/Uploads/images/2015/Tin-Tuc/QuanLNH2/samsung-galaxy-note-10-mo-ta-10.jpg\" /></p>\r\n\r\n<h3><strong>Hệ thống 4 camera chuy&ecirc;n nghiệp</strong></h3>\r\n\r\n<p>Hệ thống camera sau của Note 10+ l&agrave; hệ thống camera chuy&ecirc;n nghiệp v&agrave; cao cấp bậc nhất thế giới smartphone hiện nay. Sẽ c&oacute; tới 4 ống k&iacute;nh camera sau, bao gồm camera ch&iacute;nh g&oacute;c rộng 12MP, camera Tele 12MP, camera g&oacute;c si&ecirc;u rộng 16MP v&agrave; camera cảm biến chiều s&acirc;u. Camera g&oacute;c si&ecirc;u rộng mang đến g&oacute;c chụp cực đại 123 độ, tương đương những g&igrave; tầm mắt người c&oacute; thể thu lại được. Trong khi đ&oacute; camera Tele 12MP c&ugrave;ng camera cảm biến chiều s&acirc;u hỗ trợ chụp ảnh x&oacute;a ph&ocirc;ng v&agrave; cả zoom quang học 2x, ph&oacute;ng to gấp đ&ocirc;i nhưng độ n&eacute;t kh&ocirc;ng hề bị giảm đi.</p>\r\n\r\n<p><img alt=\"camera Samsung Galaxy Note10+\" src=\"https://fptshop.com.vn/Uploads/images/2015/Tin-Tuc/QuanLNH2/samsung-galaxy-note-10-plus-2.jpg\" /></p>\r\n\r\n<h3><strong>Mỗi bức ảnh l&agrave; một kiệt t&aacute;c</strong></h3>\r\n\r\n<p>Camera ch&iacute;nh tr&ecirc;n Note 10+ c&oacute; tới 2 khẩu độ, th&iacute;ch hợp trong từng trường hợp d&ugrave; l&agrave; bạn chụp đ&ecirc;m hay ng&agrave;y. Khẩu độ cực lớn f/1.5 gi&uacute;p thu được nhiều &aacute;nh s&aacute;ng hơn, đặc biệt l&yacute; tưởng khi chụp đ&ecirc;m. Trong khi đ&oacute; khẩu độ f/2.4 khiến h&igrave;nh ảnh của bạn r&otilde; n&eacute;t trong ban ng&agrave;y, &aacute;nh s&aacute;ng ch&acirc;n thực v&agrave; sinh động. Mỗi bức ảnh của bạn l&agrave; một kiệt t&aacute;c với Galaxy Note 10+.</p>\r\n\r\n<p><img alt=\"chụp ảnh Samsung Galaxy Note10+\" src=\"https://fptshop.com.vn/Uploads/images/2015/Tin-Tuc/QuanLNH2/samsung-galaxy-note-10-mo-ta-12.jpg\" /></p>\r\n\r\n<h3><strong>Quay video v&agrave; dựng phim thời thượng</strong></h3>\r\n\r\n<p>Kh&ocirc;ng dừng lại ở một chiếc điện thoại chụp ảnh đẳng cấp, Galaxy Note 10+ c&ograve;n hướng tới một m&aacute;y quay video chuy&ecirc;n nghiệp. Lần đầu ti&ecirc;n bạn sẽ c&oacute; khả năng quay video x&oacute;a ph&ocirc;ng với những hiệu ứng chuy&ecirc;n nghiệp; quay video si&ecirc;u chống rung; dựng phim như một studio ho&agrave;n chỉnh. H&atilde;y c&ugrave;ng ghi lại những khoảnh khắc độc đ&aacute;o theo c&aacute;ch của ri&ecirc;ng Galaxy Note 10+.</p>\r\n\r\n<p><img alt=\"video Samsung Galaxy Note10+\" src=\"https://fptshop.com.vn/Uploads/images/2015/Tin-Tuc/QuanLNH2/galaxy-note-10-11.jpg\" /></p>\r\n\r\n<h3><strong>Điều khiển điện thoại từ xa bằng b&uacute;t S Pen ho&agrave;n to&agrave;n mới</strong></h3>\r\n\r\n<p>Linh hồn của d&ograve;ng Galaxy Note, b&uacute;t cảm ứng S Pen giờ đ&acirc;y đ&atilde; c&oacute; sự lột x&aacute;c về thiết kế. C&acirc;y b&uacute;t của bạn sẽ đẹp v&agrave; sang trọng hơn nhờ kiểu thiết kế nguy&ecirc;n khối. B&ecirc;n cạnh ghi ch&uacute;, nhanh ch&oacute;ng chuyển chữ viết tay sang văn bản, bạn c&ograve;n c&oacute; thể d&ugrave;ng S Pen để điều khiển điện thoại từ xa một c&aacute;ch ấn tượng v&agrave; rất nhiều t&iacute;nh năng th&uacute; vị đang chờ đợi bạn kh&aacute;m ph&aacute;.</p>\r\n\r\n<p><img alt=\"S Pen Samsung Galaxy Note10+\" src=\"https://fptshop.com.vn/Uploads/images/2015/Tin-Tuc/QuanLNH2/samsung-galaxy-note-10-mo-ta-9.jpg\" /></p>\r\n\r\n<h3><strong>S&aacute;ng tạo l&agrave; kh&ocirc;ng giới hạn</strong></h3>\r\n\r\n<p>Với S Pen tr&ecirc;n tay, bạn c&oacute; thể ghi lại mọi điều m&igrave;nh th&iacute;ch ngay lập tức, ghi ch&uacute; bất cứ l&uacute;c n&agrave;o m&agrave; kh&ocirc;ng cần phải bật s&aacute;ng m&agrave;n h&igrave;nh. Nhanh ch&oacute;ng chuyển chữ viết tay th&agrave;nh văn bản để sao ch&eacute;p, chia sẻ. Đồng thời bạn cũng c&oacute; thể điều chỉnh m&agrave;u mực, ng&ograve;i b&uacute;t tr&ecirc;n ứng dụng Samsung Notes để trải nghiệm ghi ch&eacute;p trở n&ecirc;n ch&acirc;n thực nhất. Tự tin s&aacute;ng tạo v&agrave; thể hiện &yacute; tưởng ngay lập tức tr&ecirc;n Galaxy Note 10+.</p>\r\n\r\n<p><img alt=\"S Pen Samsung Galaxy Note10+\" src=\"https://fptshop.com.vn/Uploads/images/2015/Tin-Tuc/QuanLNH2/samsung-galaxy-note-10-plus-14.jpg\" /></p>\r\n\r\n<h3><strong>Thiết kế tinh tế đầy quyền năng</strong></h3>\r\n\r\n<p>Samsung Galaxy Note 10+ c&oacute; một thiết kế ho&agrave;n to&agrave;n mới, kh&ocirc;ng giống bất kỳ chiếc điện thoại n&agrave;o trước đ&acirc;y. M&aacute;y sở hữu kiểu d&aacute;ng vu&ocirc;ng vắn hiện đại, chắc chắn từ phần khung th&eacute;p kh&ocirc;ng rỉ kết hợp với thủy tinh cao cấp v&agrave; độ mỏng ấn tượng chỉ 7,9mm. Sự liền lạc, kết nối ho&agrave;n hảo mang đến những tinh hoa thẩm mỹ nhất tr&ecirc;n chiếc Galaxy Note 10+. C&aacute;c phi&ecirc;n bản m&agrave;u sắc đều được l&agrave;m độc đ&aacute;o, li&ecirc;n tục thay đổi m&agrave;u dưới &aacute;nh s&aacute;ng v&agrave; được bảo vệ bằng mặt k&iacute;nh Gorilla Glass 6 bền vững.</p>\r\n\r\n<p><img alt=\"thiết kế Samsung Galaxy Note10+\" src=\"https://fptshop.com.vn/Uploads/images/2015/Tin-Tuc/QuanLNH2/samsung-galaxy-note-10-plus-3.jpg\" /></p>\r\n\r\n<h3><strong>Độ bền th&aacute;ch thức mọi điều kiện</strong></h3>\r\n\r\n<p>Samsung kh&ocirc;ng qu&ecirc;n đảm bảo độ bền cho Galaxy Note 10+ bằng chuẩn chống nước IP68. Thoải m&aacute;i ng&acirc;m nước ở độ s&acirc;u 1,5m&nbsp; trong 30 ph&uacute;t m&agrave; điện thoại vẫn sống khỏe. Bạn c&oacute; thể ho&agrave;n to&agrave;n y&ecirc;n t&acirc;m với những t&aacute;c nh&acirc;n g&acirc;y hại từ nước.</p>\r\n\r\n<p><img alt=\"chống nước Samsung Galaxy Note10+\" src=\"https://fptshop.com.vn/Uploads/images/2015/Tin-Tuc/QuanLNH2/samsung-galaxy-note-10-plus-13.jpg\" /></p>\r\n\r\n<h3><strong>Thưởng thức &acirc;m thanh cao cấp</strong></h3>\r\n\r\n<p>Hệ thống loa v&agrave; tai nghe Type-C tr&ecirc;n Galaxy Note 10+ được hỗ trợ bởi c&ocirc;ng nghệ Dolby Atmos, mang đến trải nghiệm &acirc;m thanh cao cấp, ch&acirc;n thực. Bạn sẽ được thưởng thức &acirc;m thanh v&ograve;m 3D giả lập như trong rạp h&aacute;t, tha hồ đắm ch&igrave;m v&agrave;o thế giới giải tr&iacute; hấp dẫn.</p>\r\n\r\n<p><img alt=\"âm thanh Samsung Galaxy Note10+\" src=\"https://fptshop.com.vn/Uploads/images/2015/Tin-Tuc/QuanLNH2/samsung-galaxy-note-10-plus-11.jpg\" /></p>\r\n\r\n<h3><strong>Kết nối điện thoại v&agrave; m&aacute;y t&iacute;nh</strong></h3>\r\n\r\n<p>Với Galaxy Note 10+, bạn c&oacute; thể li&ecirc;n kết với m&aacute;y t&iacute;nh Windows để đồng bộ h&oacute;a mọi h&igrave;nh ảnh, tin nhắn v&agrave; th&ocirc;ng b&aacute;o từ điện thoại sang m&aacute;y t&iacute;nh để chỉ tập trung v&agrave;o một m&agrave;n h&igrave;nh duy nhất. Chưa hết, bạn c&ograve;n c&oacute; thể d&ugrave;ng t&iacute;nh năng screen mirroring, cho ph&eacute;p vừa tập trung v&agrave;o c&ocirc;ng việc đang l&agrave;m tr&ecirc;n m&aacute;y t&iacute;nh, vừa theo d&otilde;i c&aacute;c t&aacute;c vụ điện thoại c&ugrave;ng l&uacute;c.</p>\r\n\r\n<p><img alt=\"máy tính Samsung Galaxy Note10+\" src=\"https://fptshop.com.vn/Uploads/images/2015/Tin-Tuc/QuanLNH2/samsung-galaxy-note-10-plus-10.jpg\" /></p>\r\n', 3, 6),
('Samsung Galaxy S10+ (512GB)', 'Chelsea ', 7500000, 122, '<h3><strong>3 camera sau, kh&ocirc;ng chỉ l&agrave; chụp ảnh</strong></h3>\r\n\r\n<p>Kh&ocirc;ng chỉ l&agrave; chụp ảnh, mỗi lần bạn mở camera tr&ecirc;n Galaxy S10+ 512GB l&agrave; một t&aacute;c phẩm nghệ thuật được tạo ra. 3 camera với 3 vai tr&ograve; kh&aacute;c nhau bao gồm camera chụp th&ocirc;ng thường; camera tele để chụp gần v&agrave; camera g&oacute;c si&ecirc;u rộng để chụp được khung h&igrave;nh nhiều hơn. D&ugrave; l&agrave; ho&agrave;n cảnh n&agrave;o đi nữa th&igrave; Samsung Galaxy S10+ cũng xử l&yacute; xuất sắc theo c&aacute;ch ri&ecirc;ng biệt.</p>\r\n\r\n<p><img alt=\"Camera Samsung S10+ 512GB\" src=\"https://fptshop.com.vn/Uploads/images/2015/Tin-Tuc/QuanLNH2/samsung-galaxy-s10-512-1.JPG\" /></p>\r\n\r\n<h3><strong>Khẩu độ lớn nhất v&agrave; c&ograve;n c&oacute; thể thay đổi</strong></h3>\r\n\r\n<p>Camera Samsung Galaxy S10+ 512GB c&oacute; khẩu độ f/1.5, lớn nhất tr&ecirc;n một thiết bị smartphone, cho bạn khả năng chụp đ&ecirc;m ho&agrave;n hảo. Kh&ocirc;ng chỉ vậy, S10+ c&ograve;n c&oacute; thể tự động thay đổi khẩu độ như mắt người từ f/1.5 sang f/2.4 để ph&ugrave; hợp với cả điều kiện ban ng&agrave;y. Chỉ cần đưa m&aacute;y l&ecirc;n v&agrave; bấm chụp, phần cứng camera tuyệt vời v&agrave; bộ vi xử l&yacute; mạnh mẽ sẽ c&ugrave;ng nhau tạo n&ecirc;n bức ảnh đẹp nhất cho ri&ecirc;ng bạn.</p>\r\n\r\n<p><img alt=\"Tính năng Camera Galaxy S10+\" src=\"https://fptshop.com.vn/Uploads/images/2015/Tin-Tuc/QuanLNH2/galaxy-s10-plus-6.jpg\" /></p>\r\n\r\n<h3><strong>G&oacute;c chụp si&ecirc;u rộng chuẩn mắt nh&igrave;n</strong></h3>\r\n\r\n<p>Sở hữu tới 3 camera, Galaxy S10+ kh&ocirc;ng chỉ chụp được ảnh g&oacute;c rộng m&agrave; c&ograve;n c&oacute; thể mang tới h&igrave;nh ảnh vượt trội hơn bằng g&oacute;c si&ecirc;u rộng cực đại 123 độ. To&agrave;n bộ khung h&igrave;nh m&agrave; mắt người c&oacute; thể nh&igrave;n thấy sẽ được thu lại đầy đủ tr&ecirc;n Galaxy S10+ 512GB, từ nh&oacute;m bạn đ&ocirc;ng người cho đến khung cảnh thi&ecirc;n nhi&ecirc;n h&ugrave;ng vĩ.</p>\r\n\r\n<p><img alt=\"Tính năng Camera S10+\" src=\"https://fptshop.com.vn/Uploads/images/2015/Tin-Tuc/QuanLNH2/galaxy-s10-plus-7.jpg\" /></p>\r\n\r\n<h3><strong>Tự nhận diện khung cảnh, người trợ l&yacute; đắc lực cho bạn</strong></h3>\r\n\r\n<p>Chế độ tối ưu h&oacute;a cảnh tr&ecirc;n Galaxy S10+ sẽ tự động nhận diện 30 chủ thể phổ biến v&agrave; điều chỉnh c&agrave;i đặt camera để gi&uacute;p bạn c&oacute; được bức ảnh đẹp nhất trong từng bối cảnh kh&aacute;c nhau. Bạn kh&ocirc;ng cần phải căn chỉnh qu&aacute; phức tạp m&agrave; S10+ ch&iacute;nh l&agrave; người trợ l&yacute; đ&oacute;ng lu&ocirc;n vai tr&ograve; đ&oacute;. Mỗi bức ảnh sẽ c&oacute; một c&aacute;i hồn ri&ecirc;ng, đ&uacute;ng tinh thần của chủ thể v&agrave; khung cảnh m&agrave; bạn kh&ocirc;ng cần phải l&agrave;m g&igrave; cả, chỉ đơn giản l&agrave; nhấn chụp &ndash; camera si&ecirc;u th&ocirc;ng minh sẽ l&agrave;m tất cả những c&ocirc;ng đoạn c&ograve;n lại.</p>\r\n\r\n<p><img alt=\"Máy ảnh Samsung S10+\" src=\"https://fptshop.com.vn/Uploads/images/2015/Tin-Tuc/QuanLNH2/galaxy-s10-plus-8.jpg\" /></p>\r\n\r\n<h3><strong>N&acirc;ng tầm chụp ảnh x&oacute;a ph&ocirc;ng</strong></h3>\r\n\r\n<p>Chụp ảnh ch&acirc;n dung x&oacute;a ph&ocirc;ng của Samsung S10+ 512GB cũng được n&acirc;ng l&ecirc;n tầm cao mới khi x&oacute;a ph&ocirc;ng ch&iacute;nh x&aacute;c v&agrave; th&ecirc;m những hiệu ứng chuy&ecirc;n nghiệp. C&aacute;c hiệu ứng điều chỉnh độ mờ hậu cảnh như bokeh xo&aacute;y, zoom bokeh, điểm m&agrave;u tạo n&ecirc;n c&aacute;c bức ảnh ch&acirc;n dung đẹp ngỡ ng&agrave;ng như chụp bằng m&aacute;y ảnh chuy&ecirc;n dụng.</p>\r\n\r\n<p><img alt=\"Samsung Galaxy S10+ xóa phông\" src=\"https://fptshop.com.vn/Uploads/images/2015/Tin-Tuc/QuanLNH2/galaxy-s10-plus-9.jpg\" /></p>\r\n\r\n<h3><strong>Bạn ch&iacute;nh l&agrave; đạo diễn của những thước phim ho&agrave;n hảo</strong></h3>\r\n\r\n<p>Samsung Galaxy S10+ l&agrave; thiết bị l&yacute; tưởng để quay phim. Những thước phim sẽ c&oacute; chất lượng tối đa 4K UHD si&ecirc;u sắc n&eacute;t, h&igrave;nh ảnh HDR 10+ vượt trội v&agrave; khả năng chống rung gần như tuyệt đối. D&ugrave; chủ thể c&oacute; chuyển động như thế n&agrave;o đi nữa, mọi thứ vẫn mượt m&agrave;, m&agrave;u sắc v&agrave; độ tương phản vượt trội trong từng cảnh quay. H&atilde;y thử trở th&agrave;nh một đạo diễn v&agrave; nh&agrave; l&agrave;m phim chuy&ecirc;n nghiệp với Galaxy S10+.</p>\r\n\r\n<h3><strong>Camera trước xuất sắc như camera ch&iacute;nh</strong></h3>\r\n\r\n<p>Cụm camera selfie k&eacute;p của Galaxy S10+ 512GB c&oacute; chất lượng kh&ocirc;ng thua k&eacute;m g&igrave; so với camera ch&iacute;nh của smartphone c&aacute;c h&atilde;ng kh&aacute;c, mang đến những h&igrave;nh ảnh selfie tuyệt đẹp. Đặc biệt, camera selfie của Galaxy S10+ l&agrave; camera trước duy nhất t&iacute;ch hợp t&iacute;nh năng lấy n&eacute;t k&eacute;p Dual Pixel, chụp ảnh chuyển động v&agrave; thiếu s&aacute;ng với độ ch&iacute;nh x&aacute;c, sắc n&eacute;t tuyệt đối.</p>\r\n\r\n<p><img alt=\"Camera Selfie Galaxy S10+\" src=\"https://fptshop.com.vn/Uploads/images/2015/Tin-Tuc/QuanLNH2/galaxy-s10-plus-10.jpg\" /></p>\r\n\r\n<h3><strong>Si&ecirc;u phẩm m&agrave;n h&igrave;nh v&ocirc; cực Infinity-O</strong></h3>\r\n\r\n<p>Bạn sẽ được tận hưởng m&agrave;n h&igrave;nh lớn 6,4 inch với chất lượng chưa thấy ở bất cứ đ&acirc;u. To&agrave;n bộ mặt trước l&agrave; m&agrave;n h&igrave;nh, kh&ocirc;ng c&oacute; g&igrave; che tầm mắt của bạn. Viền cong si&ecirc;u mỏng tr&agrave;n cả 4 cạnh kết hợp c&ugrave;ng c&aacute;c đường cắt laser chuẩn x&aacute;c kh&eacute;o l&eacute;o giấu k&iacute;n camera nằm ngay tr&ecirc;n m&agrave;n h&igrave;nh. Galaxy S10+ 512GB xứng đ&aacute;ng được gọi l&agrave; một kiệt t&aacute;c ngay tr&ecirc;n tay bạn.</p>\r\n\r\n<p><img alt=\"\" src=\"https://fptshop.com.vn/Uploads/images/2015/Tin-Tuc/QuanLNH2/samsung-galaxy-s10-512-2.JPG\" /></p>\r\n\r\n<p>H&atilde;y đến với c&ocirc;ng nghệ m&agrave;n h&igrave;nh mới Dynamic AMOLED, hiển thị đ&aacute;ng kinh ngạc nhờ h&igrave;nh ảnh chuẩn HDR10+ v&agrave; độ ph&acirc;n giải Quad HD+ vượt trội so với c&aacute;c đối thủ. Mọi khung h&igrave;nh đều hiện l&ecirc;n ch&acirc;n thực, độ tương phản cao v&agrave; m&agrave;u sắc v&ocirc; c&ugrave;ng sống động. M&agrave;n h&igrave;nh hiển thị chuẩn điện ảnh, kết hợp c&ugrave;ng hệ thống &acirc;m thanh nổi của loa ngo&agrave;i stereo, c&ocirc;ng nghệ Dolby Atmos khiến Galaxy S10+ 512GB trở th&agrave;nh phương tiện giải tr&iacute; di động ho&agrave;n hảo nhất.</p>\r\n\r\n<h3><strong>Mở kh&oacute;a bằng cảm biến v&acirc;n tay dưới m&agrave;n h&igrave;nh</strong></h3>\r\n\r\n<p>Bạn sẽ được trải nghiệm bước tiến lớn của c&ocirc;ng nghệ tr&ecirc;n chiếc điện thoại Galaxy S10+ với cảm biến v&acirc;n tay si&ecirc;u &acirc;m cực nhạy. Ngay dưới m&agrave;n h&igrave;nh l&agrave; một cảm biến đặc biệt, sử dụng s&oacute;ng si&ecirc;u &acirc;m để nhận dạng 3D v&acirc;n tay của bạn, gi&uacute;p bạn l&agrave; người duy nhất c&oacute; thể truy cập v&agrave;o m&aacute;y, v&ocirc; c&ugrave;ng tiện lợi v&agrave; an to&agrave;n tuyệt đối.</p>\r\n\r\n<p><img alt=\"Bảo mật Samsung Galaxy S10+\" src=\"https://fptshop.com.vn/Uploads/images/2015/Tin-Tuc/QuanLNH2/galaxy-s10-plus-4.jpg\" /></p>\r\n\r\n<h3><strong>T&iacute;nh năng bất ngờ của sạc kh&ocirc;ng d&acirc;y</strong></h3>\r\n\r\n<p>Kh&ocirc;ng chỉ c&oacute; tốc độ sạc kh&ocirc;ng d&acirc;y nhanh hơn, Samsung Galaxy S10+ 512GB c&ograve;n c&oacute; một bất ngờ th&uacute; vị ở t&iacute;nh năng n&agrave;y. Chiếc Galaxy S10+ của ch&uacute;ng ta c&oacute; thể đ&oacute;ng vai tr&ograve; l&agrave; &ldquo;nguồn sạc&rdquo; để sạc kh&ocirc;ng d&acirc;y cho c&aacute;c thiết bị kh&aacute;c c&oacute; hỗ trợ. Đơn giản l&agrave; bạn chỉ cần đặt đồng hồ, tai nghe th&ocirc;ng minh, thậm ch&iacute; l&agrave; điện thoại c&oacute; hỗ trợ sạc kh&ocirc;ng d&acirc;y l&ecirc;n, Galaxy S10+ sẽ chia sẻ năng lượng v&agrave; &ldquo;sạc ngược&rdquo; lại một c&aacute;ch kỳ diệu.</p>\r\n\r\n<p><img alt=\"Sạc không dây Galaxy S10+\" src=\"https://fptshop.com.vn/Uploads/images/2015/Tin-Tuc/QuanLNH2/galaxy-s10-plus-11.jpg\" /></p>\r\n\r\n<h3><strong>Trở th&agrave;nh game thủ chuy&ecirc;n nghiệp</strong></h3>\r\n\r\n<p>Samsung Galaxy S10+ 512GB l&agrave; một chiếc điện thoại to&agrave;n diện v&agrave; tất nhi&ecirc;n khả năng chơi game cũng vậy. Samsung đ&atilde; biến Galaxy S10+ th&agrave;nh một &ldquo;cỗ m&aacute;y chơi game&rdquo; thực sự bằng cơ chế tản nhiệt buồng hơi kết hợp c&ugrave;ng tr&iacute; tuệ nh&acirc;n tạo. M&aacute;y sẽ lu&ocirc;n lu&ocirc;n m&aacute;t mẻ để tận dụng được hiệu năng mạnh mẽ nhất, cho trải nghiệm chơi game liền mạch d&ugrave; ở cường độ cao.</p>\r\n\r\n<p><img alt=\"Hiệu năng Galaxy S10+\" src=\"https://fptshop.com.vn/Uploads/images/2015/Tin-Tuc/QuanLNH2/galaxy-s10-4.jpg\" /></p>\r\n\r\n<h3><strong>Bước tiến về thời lượng pin</strong></h3>\r\n\r\n<p>Samsung S10+ 512GB hứa hẹn l&agrave; chiếc smartphone cao cấp c&oacute; thời lượng pin tốt bậc nhất thị trường nhờ vi&ecirc;n pin dung lượng l&ecirc;n tới 4100 mAh. Ngo&agrave;i ra, chế độ tiết kiệm năng lượng linh hoạt dựa theo th&oacute;i quen sử dụng của ch&iacute;nh người d&ugrave;ng gi&uacute;p cho thời lượng pin c&ograve;n được k&eacute;o d&agrave;i hơn nữa. Với Galaxy S10+, bạn c&oacute; thể d&ugrave;ng nhiều hơn, sạc &iacute;t hơn.</p>\r\n\r\n<p><img alt=\"Dung lượng pin Galaxy S10+\" src=\"https://fptshop.com.vn/Uploads/images/2015/Tin-Tuc/QuanLNH2/galaxy-s10-plus-12.jpg\" /></p>\r\n', 4, 6),
('iPhone 11 256GB', 'Energy ', 25000000, 12, '<p><strong>Với bộ nhớ trong l&ecirc;n tới 256GB, phi&ecirc;n bản iPhone 11 256GB thoải m&aacute;i cho mọi nhu cầu của người d&ugrave;ng, đồng thời bạn sẽ được sở hữu chiếc điện thoai mạnh mẽ nhất, camera xuất sắc v&agrave; nhiều lựa chọn m&agrave;u hấp dẫn.</strong></p>\r\n\r\n<p><strong><img alt=\"iPhone 11\" src=\"https://fptshop.com.vn/Uploads/images/2015/Tin-Tuc/QuanLNH2/iphone-11-1.jpg\" /></strong></p>\r\n\r\n<h3><strong>Cảm nhận sức mạnh đ&iacute;ch thực của bộ vi xử l&yacute; mạnh nhất thế giới</strong></h3>\r\n\r\n<p>Apple A13 Bionic tr&ecirc;n iPhone 11 256GB l&agrave; một bước tiến d&agrave;i so với những vi xử l&yacute; smartphone hiện nay. Sức mạnh của A13 Bionic c&oacute; thể n&oacute;i l&agrave; vượt trội, thậm ch&iacute; l&agrave; gấp đ&ocirc;i khi đặt cạnh c&aacute;c điện thoại h&agrave;ng đầu tr&ecirc;n thị trường. Ch&iacute;nh v&igrave; thế mọi t&aacute;c vụ diễn ra tr&ecirc;n iPhone 11 đều nhanh ch&oacute;ng đến mức ho&agrave;n hảo. Bạn c&oacute; thể chơi những tựa game nặng nhất, thiết lập đồ họa cao nhất một c&aacute;ch nhẹ nh&agrave;ng. Với hiệu năng của iPhone 11, điện thoại sẽ lu&ocirc;n hoạt động ổn định trong nhiều năm tới.</p>\r\n\r\n<p><img alt=\"iPhone 11 chip\" src=\"https://fptshop.com.vn/Uploads/images/2015/Tin-Tuc/QuanLNH2/iphone-11-11.jpg\" /></p>\r\n\r\n<h3><strong>Thể hiện c&aacute; t&iacute;nh bằng m&agrave;u sắc nổi bật</strong></h3>\r\n\r\n<p>Chắc chắn bạn sẽ t&igrave;m được phi&ecirc;n bản m&agrave;u ph&ugrave; hợp khi iPhone 11 256GB c&oacute; rất nhiều m&agrave;u sắc. Bạn sẽ c&oacute; 6 lựa chọn m&agrave;u T&iacute;m, V&agrave;ng, Xanh lục, Đen, Trắng v&agrave; Đỏ đầy phong c&aacute;ch. Vẻ đẹp của iPhone 11 đến từ thiết kế cao cấp khi được l&agrave;m từ khung nh&ocirc;m nguy&ecirc;n khối v&agrave; mặt lưng liền lạc với một tấm k&iacute;nh duy nhất. Mặt trước m&aacute;y l&agrave; m&agrave;n h&igrave;nh Liquid Retina lớn 6,1 inch, m&agrave;u sắc v&ocirc; c&ugrave;ng ch&acirc;n thực. iPhone 11 l&agrave; mẫu iPhone c&oacute; thiết kế trẻ trung, phong c&aacute;ch nhất hiện nay.</p>\r\n\r\n<p><img alt=\"iPhone 11 màu sắc \" src=\"https://fptshop.com.vn/Uploads/images/2015/Tin-Tuc/QuanLNH2/iphone-11-2.jpg\" /></p>\r\n\r\n<h3><strong>Thiết kế si&ecirc;u bền, chống nước ho&agrave;n hảo</strong></h3>\r\n\r\n<p>iPhone 11 256GB mang tr&ecirc;n m&igrave;nh kiểu d&aacute;ng thời trang nhưng độ bền cũng rất đ&aacute;ng nể. Điện thoại sử dụng k&iacute;nh cường lực cứng nhất trong thế giới smartphone c&ugrave;ng khung nh&ocirc;m chắc chắn. Nước cũng kh&ocirc;ng phải l&agrave; vấn đề khi với khả năng chống nước chuẩn IP68, cho ph&eacute;p bạn ng&acirc;m iPhone 11 dưới 2m trong v&ograve;ng 30 ph&uacute;t, m&aacute;y vẫn ho&agrave;n to&agrave;n sống khỏe dưới nước. B&ecirc;n cạnh đ&oacute;, 100% nh&ocirc;m của iPhone 11 c&oacute; khả năng t&aacute;i chế, th&acirc;n thiện với m&ocirc;i trường.</p>\r\n\r\n<p><img alt=\"iPhone 11 chống nước\" src=\"https://fptshop.com.vn/Uploads/images/2015/Tin-Tuc/QuanLNH2/iphone-11-9.jpg\" /></p>\r\n\r\n<h3><strong>H&igrave;nh ảnh ch&acirc;n thực, sống động đến từng chi tiết</strong></h3>\r\n\r\n<p>C&ugrave;ng tận hưởng những h&igrave;nh ảnh tuyệt đẹp tr&ecirc;n m&agrave;n h&igrave;nh Liquid Retina của iPhone 11 256GB. Cả thế giới sống động sẽ xuất hiện ngay trước mắt bạn khi mọi thứ đều ch&acirc;n thực một c&aacute;ch tuyệt vời. C&acirc;n bằng trắng được điều chỉnh dựa theo &aacute;nh s&aacute;ng xung quanh, để nhiệt độ m&agrave;u lu&ocirc;n lu&ocirc;n dễ chịu. Cảm ứng x&uacute;c gi&aacute;c Haptic Touch ho&agrave;n to&agrave;n mới thay thế cho 3D Touch sẽ gi&uacute;p bạn thao t&aacute;c nhanh v&agrave; tiện lợi hơn.</p>\r\n\r\n<p><img alt=\"iPhone 11 liquid retina\" src=\"https://fptshop.com.vn/Uploads/images/2015/Tin-Tuc/QuanLNH2/iphone-11-10.jpg\" /></p>\r\n\r\n<h3><strong>Thế hệ camera k&eacute;p mới, bổ sung camera g&oacute;c si&ecirc;u rộng</strong></h3>\r\n\r\n<p>Lần đầu ti&ecirc;n camera g&oacute;c si&ecirc;u rộng xuất hiện tr&ecirc;n iPhone. Bạn c&oacute; thể tha hồ chụp những bức ảnh xuất sắc bằng camera g&oacute;c rộng v&agrave; g&oacute;c si&ecirc;u rộng tr&ecirc;n iPhone 11 256GB. Cảm biến camera g&oacute;c rộng 12MP c&oacute; khả năng lấy n&eacute;t tự động nhanh gấp 3 lần trong điều kiện thiếu s&aacute;ng. B&ecirc;n cạnh đ&oacute; cảm biến g&oacute;c si&ecirc;u rộng cho khả năng chụp cảnh rộng gấp 4 lần, l&agrave; phương tiện ghi h&igrave;nh tuyệt vời cho những chuyến du lịch, chụp h&igrave;nh nh&oacute;m. Những h&igrave;nh ảnh thi&ecirc;n nhi&ecirc;n thu lại được sẽ h&ugrave;ng vĩ, ho&agrave;nh tr&aacute;ng v&agrave; sống động hơn.</p>\r\n\r\n<p><img alt=\"iPhone 11 camera kép\" src=\"https://fptshop.com.vn/Uploads/images/2015/Tin-Tuc/QuanLNH2/iphone-11-3.jpg\" /></p>\r\n\r\n<h3><strong>N&acirc;ng tầm chụp ảnh thiếu s&aacute;ng</strong></h3>\r\n\r\n<p>iPhone 11 256GB đ&atilde; c&oacute; một bước tiến d&agrave;i về chụp ảnh thiếu s&aacute;ng. Bạn sẽ c&oacute; một chế độ chụp đ&ecirc;m chuy&ecirc;n dụng mang t&ecirc;n Night Mode, cho hiệu quả r&otilde; rệt với nước ảnh s&aacute;ng r&otilde;, độ chi tiết cao v&agrave; &iacute;t nhiễu d&ugrave; l&agrave; chụp trong đ&ecirc;m tối. Kh&ocirc;ng cần phải bật đ&egrave;n flash, thật dễ d&agrave;ng để bạn c&oacute; được một bức ảnh thiếu s&aacute;ng đẹp với iPhone 11.</p>\r\n\r\n<p><img alt=\"iPhone 11 night mode\" src=\"https://fptshop.com.vn/Uploads/images/2015/Tin-Tuc/QuanLNH2/iphone-11-5.jpg\" /></p>\r\n\r\n<h3><strong>Hiệu ứng ảnh chụp x&oacute;a ph&ocirc;ng đẳng cấp</strong></h3>\r\n\r\n<p>Ảnh x&oacute;a ph&ocirc;ng tr&ecirc;n iPhone lu&ocirc;n được đ&aacute;nh gi&aacute; rất cao nhờ khả năng ph&acirc;n t&aacute;ch chủ thể ch&iacute;nh x&aacute;c, hiệu ứng l&agrave;m mờ tự nhi&ecirc;n. Giờ đ&acirc;y iPhone 11 256GB c&ograve;n được th&ecirc;m v&agrave;o c&aacute;c hiệu ứng &aacute;nh s&aacute;ng Studio; khả năng thay đổi độ mờ ph&ocirc;ng nền, đồng thời c&oacute; thể x&oacute;a ph&ocirc;ng d&ugrave; đối tượng chụp l&agrave; hai người hay vật thể. Thỏa sức s&aacute;ng tạo với những bức ảnh x&oacute;a ph&ocirc;ng &ldquo;ảo diệu&rdquo; tr&ecirc;n iPhone 11.</p>\r\n\r\n<p><img alt=\"iPhone 11 xóa phông\" src=\"https://fptshop.com.vn/Uploads/images/2015/Tin-Tuc/QuanLNH2/iphone-11-6.jpg\" /></p>\r\n\r\n<h3><strong>Chụp ảnh cực chất bằng Smart HDR</strong></h3>\r\n\r\n<p>Với sự hỗ trợ của tr&iacute; tuệ nh&acirc;n tạo Machine Learning, khả năng chụp ảnh của iPhone 11 256GB được cải tiến to&agrave;n diện. T&iacute;nh năng Smart HDR sẽ tự động nhận diện khung cảnh, đối tượng chụp v&agrave; đưa ra c&aacute;c t&ugrave;y chỉnh ri&ecirc;ng biệt. V&iacute; dụ trong c&ugrave;ng một bức ảnh nhưng bộ lọc m&agrave;u, thuật to&aacute;n, &aacute;nh s&aacute;ng &aacute;p dụng cho đối tượng l&agrave; người sẽ kh&aacute;c với khung cảnh ph&iacute;a sau. Nhờ thế những bức ảnh của bạn sẽ thể hiện đ&uacute;ng &ldquo;chất&rdquo; của chủ thể, khung cảnh bạn đang chụp.</p>\r\n\r\n<p><img alt=\"iPhone 11 smart HDR\" src=\"https://fptshop.com.vn/Uploads/images/2015/Tin-Tuc/QuanLNH2/iphone-11-7.jpg\" /></p>\r\n\r\n<h3><strong>Thể hiện khả năng quay phim chuy&ecirc;n nghiệp</strong></h3>\r\n\r\n<p>iPhone 11 256GB ch&iacute;nh l&agrave; một trong những smartphone c&oacute; khả năng quay phim tốt nhất thế giới. C&aacute;c đoạn video độ ph&acirc;n giải 4K 60fps si&ecirc;u sắc n&eacute;t, chống rung ho&agrave;n hảo cho chất lượng chuy&ecirc;n nghiệp. Camera g&oacute;c si&ecirc;u rộng mang đến nhiều khung cảnh hơn, đồng thời khả năng quay chuyển động cực ấn tượng sẽ nắm bắt được mọi khoảnh khắc. Ngo&agrave;i ra bạn c&ograve;n c&oacute; thể tập trung thu &acirc;m v&agrave;o một chủ thể khi quay video bằng c&aacute;ch ph&oacute;ng to, zoom h&igrave;nh ảnh &ndash; đồng thời zoom &acirc;m thanh hết sức th&uacute; vị. Thậm ch&iacute; sau khi ho&agrave;n th&agrave;nh đoạn phim bạn c&oacute; thể chỉnh sửa v&agrave; xuất bản ngay tr&ecirc;n iPhone 11 với những c&ocirc;ng cụ dễ d&agrave;ng sử dụng, đầy đủ t&iacute;nh năng.</p>\r\n\r\n<p><img alt=\"video iPhone 11\" src=\"https://fptshop.com.vn/Uploads/images/2015/Tin-Tuc/QuanLNH2/iphone-11-4.jpg\" /></p>\r\n\r\n<h3><strong>Camera trước 12MP, thể hiện c&aacute;i t&ocirc;i của bạn</strong></h3>\r\n\r\n<p>Những bức ảnh selfie giờ đ&acirc;y sẽ c&oacute; chất lượng tuyệt vời khi camera trước của iPhone 11 đ&atilde; được n&acirc;ng l&ecirc;n độ ph&acirc;n giải 12MP. Chụp ảnh v&agrave; quay video bằng camera selfie đang l&agrave; xu hướng hiện nay. V&igrave; thế, Apple đ&atilde; t&iacute;ch hợp t&iacute;nh năng quay video chuyển động si&ecirc;u chậm bằng camera selfie, những đoạn phim n&agrave;y sẽ được gọi l&agrave; slofie &ndash; lưu giữ khoảnh khắc của bạn một c&aacute;ch v&ocirc; c&ugrave;ng th&uacute; vị.</p>\r\n\r\n<p><img alt=\"camera trước\" src=\"https://fptshop.com.vn/Uploads/images/2015/Tin-Tuc/QuanLNH2/iphone-11-8.jpg\" /></p>\r\n\r\n<h3><strong>Nhận diện khu&ocirc;n mặt Face ID ti&ecirc;n tiến, bảo mật tuyệt đối</strong></h3>\r\n\r\n<p>Face ID tr&ecirc;n iPhone 11 256GB kh&ocirc;ng chỉ mang đến một phương thức mở kh&oacute;a m&agrave;n h&igrave;nh nhanh ch&oacute;ng, tiện lợi m&agrave; n&oacute; c&ograve;n hết sức bảo mật, sử dụng để đăng nhập ở nhiều ứng dụng kh&aacute;c. Face ID hỗ trợ thay thế mật khẩu, t&agrave;i khoản trong hầu hết c&aacute;c ứng dụng, kể cả những ứng dụng cần t&iacute;nh bảo mật cao như ng&acirc;n h&agrave;ng hay thanh to&aacute;n. Đơn giản v&igrave; Face ID được bảo mật rất kỹ khi to&agrave;n bộ th&ocirc;ng tin của bạn đều được m&atilde; h&oacute;a v&agrave; chỉ lưu trữ duy nhất tr&ecirc;n điện thoại, kh&ocirc;ng đưa l&ecirc;n kho dữ liệu đ&aacute;m m&acirc;y. Bạn sẽ kh&ocirc;ng lo bị hack hay mất dữ liệu Face ID, mọi thứ đều hết sức an to&agrave;n.</p>\r\n\r\n<p><img alt=\"iPhone 11 khuôn mặt\" src=\"https://fptshop.com.vn/Uploads/images/2015/Tin-Tuc/QuanLNH2/iphone-11-13.jpg\" /></p>\r\n\r\n<h3><strong>Thời lượng pin xuất sắc</strong></h3>\r\n\r\n<p>Thời lượng pin của iPhone đang tốt dần l&ecirc;n. Với iPhone 11 256GB, bạn sẽ c&oacute; một chiếc iPhone thoải m&aacute;i sử dụng trong cả ng&agrave;y d&agrave;i. Bộ vi xử l&yacute; tiết kiệm điện, cơ chế quản l&yacute; pin th&ocirc;ng minh kết hợp với tr&iacute; tuệ nh&acirc;n tạo gi&uacute;p thời lượng pin của bạn ng&agrave;y c&agrave;ng tốt hơn. Ngo&agrave;i ra, với t&iacute;nh năng sạc nhanh, iPhone 11 nhanh ch&oacute;ng nạp đầy năng lượng để bạn tiếp tục sử dụng m&agrave; kh&ocirc;ng phải chờ đợi l&acirc;u.</p>\r\n\r\n<p><img alt=\"iPhone 11 pin\" src=\"https://fptshop.com.vn/Uploads/images/2015/Tin-Tuc/QuanLNH2/iphone-11-12.jpg\" /></p>\r\n', 5, 7);
INSERT INTO `item` (`name`, `producer`, `price`, `quantity`, `desc`, `id`, `id_group`) VALUES
('iPhone Xs 64GB', 'legging', 20000000, 5, '<h2><strong>iPhone Xs 64GB với m&agrave;n h&igrave;nh OLED HDR chuẩn Super Retina si&ecirc;u sắc n&eacute;t</strong></h2>\r\n\r\n<p>M&agrave;n h&igrave;nh&nbsp;<strong>iPhone Xs 64GB</strong>&nbsp;c&oacute; k&iacute;ch thước 5,8 inch, được l&agrave;m từ tấm nền OLED c&ocirc;ng nghệ ti&ecirc;n tiến nhất hiện nay, hỗ trợ hiển thị HDR. HDR mang đến m&agrave;u sắc ch&iacute;nh x&aacute;c, m&agrave;u đen c&oacute; chiều s&acirc;u, độ s&aacute;ng v&agrave; độ tương phản tuyệt vời. iPhone Xs ch&iacute;nh l&agrave; sản phẩm Apple c&oacute; mật độ điểm ảnh cao nhất, đồng nghĩa với việc sở hữu m&agrave;n h&igrave;nh sắc n&eacute;t nhất.</p>\r\n\r\n<p><img alt=\"màn hình iPhone Xs\" src=\"https://fptshop.com.vn/Uploads/images/2015/Tin-Tuc/QuanLNH2/iphone-xs-2.jpg\" /></p>\r\n\r\n<h2><strong>Sự kết hợp giữa k&iacute;nh v&agrave; th&eacute;p, sang trọng nhưng kh&ocirc;ng k&eacute;m phần bền vững</strong></h2>\r\n\r\n<p><strong>iPhone Xs 64GB</strong>&nbsp;được ho&agrave;n thiện từ những vật liệu đặc biệt, đ&oacute; l&agrave; viền th&eacute;p kh&ocirc;ng gỉ s&aacute;ng b&oacute;ng v&agrave; mặt k&iacute;nh bền nhất trong thế giới smartphone. Kỹ thuật gia c&ocirc;ng ch&iacute;nh x&aacute;c ho&agrave;n hảo của Apple mang đến chiếc điện thoại cứng c&aacute;p, thời trang, vừa vặn trong l&ograve;ng b&agrave;n tay bạn. Ba m&agrave;u sắc thời thượng X&aacute;m kh&ocirc;ng gian, Bạc v&agrave; V&agrave;ng cho những lựa chọn c&aacute; t&iacute;nh. Đặc biệt, hai phi&ecirc;n bản m&agrave;u V&agrave;ng v&agrave; X&aacute;m được sơn bằng qu&aacute; tr&igrave;nh xử l&yacute; m&agrave;u PVD, tạo hiệu ứng &aacute;nh s&aacute;ng qua lớp k&iacute;nh rất đẹp mắt.</p>\r\n\r\n<p><img alt=\"thiết kế iPhone Xs\" src=\"https://fptshop.com.vn/Uploads/images/2015/Tin-Tuc/QuanLNH2/iphone-xs-3.jpg\" /></p>\r\n\r\n<h2><strong>iPhone Xs 64GB&nbsp;</strong><strong>Face ID thế hệ mới, mật khẩu ch&iacute;nh l&agrave; khu&ocirc;n mặt của bạn</strong></h2>\r\n\r\n<p>Face ID tr&ecirc;n iPhone Xs khiến cho việc bảo mật đơn giản v&agrave; an to&agrave;n hơn. Bạn c&oacute; thể mở kh&oacute;a, đăng nhập, thanh to&aacute;n nhanh ch&oacute;ng th&ocirc;ng qua nhận diện khu&ocirc;n mặt. Ngay khi đưa m&aacute;y l&ecirc;n, hệ thống camera TrueDepth sẽ nhận diện tới 30.000 điểm tr&ecirc;n khu&ocirc;n mặt của bạn v&agrave; mở kh&oacute;a ngay lập tức. Đồng thời, hệ thống n&agrave;y cũng sẽ ghi nhớ v&agrave; học hỏi th&oacute;i quen của bạn để sau n&agrave;y d&ugrave; c&oacute; đội mũ hay đeo k&iacute;nh th&igrave; Face ID vẫn nhận diện nhanh ch&oacute;ng đầy ch&iacute;nh x&aacute;c. Face ID của&nbsp;<strong>iPhone Xs 64GB</strong>&nbsp;ch&iacute;nh l&agrave; phương thức bảo mật an to&agrave;n nhất tr&ecirc;n smartphone từ trước đến nay.</p>\r\n\r\n<p><img alt=\"iPhone Xs Face ID\" src=\"https://fptshop.com.vn/Uploads/images/2015/Tin-Tuc/QuanLNH2/iphone-xs-4.jpg\" /></p>\r\n\r\n<h2><strong>Apple A12 Bionic, con chip th&ocirc;ng minh v&agrave; mạnh mẽ nhất</strong></h2>\r\n\r\n<p><strong>iPhone Xs 64GB</strong>&nbsp;mang tr&ecirc;n m&igrave;nh con chip A12 Bionic c&oacute; 6 nh&acirc;n, trong đ&oacute; 2 nh&acirc;n hiệu năng cao nhanh hơn 15% v&agrave; 4 nh&acirc;n tiết kiệm điện tiết kiệm hơn 50% so với thế hệ trước A11 Bionic của iPhone X. Đồng thời GPU đồ họa của A12 Bionic mạnh hơn tới 50%, cho ph&eacute;p bạn chơi mọi tựa game ở cấu h&igrave;nh cao nhất một c&aacute;ch nhẹ nh&agrave;ng v&agrave; mượt m&agrave;.</p>\r\n\r\n<p><img alt=\"iPhone Xs Apple A12\" src=\"https://fptshop.com.vn/Uploads/images/2015/Tin-Tuc/QuanLNH2/iphone-xs-6.jpg\" /></p>\r\n\r\n<p>Kh&ocirc;ng chỉ mạnh mẽ, điểm kh&aacute;c biệt của A12 Bionic c&ograve;n đến từ sự th&ocirc;ng minh của con chip n&agrave;y. Với 8 nh&acirc;n Neural Engine c&oacute; khả năng học hỏi theo thời gian thực,&nbsp;<strong>iPhone Xs 64GB</strong>&nbsp;c&oacute; thể nhận ra th&oacute;i quen sử dụng điện thoại của bạn, sau đ&oacute; đưa ra những dự đo&aacute;n, h&agrave;nh động xử l&yacute; nhanh dựa tr&ecirc;n những g&igrave; bạn l&agrave;m từng ng&agrave;y. 8 nh&acirc;n AI ri&ecirc;ng biệt c&ograve;n hỗ trợ cho iPhone Xs trong rất nhiều trường hợp, từ nhận diện khu&ocirc;n mặt, chụp ảnh x&oacute;a ph&ocirc;ng, smart HDR cho đến c&ocirc;ng nghệ thực tế tăng cường AR.</p>\r\n\r\n<p><img alt=\"iPhone Xs hiệu năng\" src=\"https://fptshop.com.vn/Uploads/images/2015/Tin-Tuc/QuanLNH2/iphone-xs-7.jpg\" /></p>\r\n\r\n<h2><strong>Hệ thống camera k&eacute;p mới, mở ra kỷ nguy&ecirc;n mới cho nhiếp ảnh</strong></h2>\r\n\r\n<p>Camera&nbsp;<strong>iPhone Xs 64GB</strong>&nbsp;l&agrave;m được hơn cả những g&igrave; bạn nghĩ tr&ecirc;n một chiếc điện thoại. Dựa tr&ecirc;n cảm biến xử l&yacute; h&igrave;nh ảnh ISP ti&ecirc;n tiến, t&iacute;nh năng Smart HDR mang đến sự tương phản &aacute;nh s&aacute;ng r&otilde; rệt trong mỗi bức ảnh, t&aacute;i hiện cuộc sống đầy ch&acirc;n thực. Trong khi đ&oacute; ảnh chụp x&oacute;a ph&ocirc;ng được n&acirc;ng tầm khi kh&ocirc;ng chỉ x&oacute;a ph&ocirc;ng ch&iacute;nh x&aacute;c m&agrave; bạn c&ograve;n c&oacute; thể t&ugrave;y chỉnh độ mờ hậu cảnh sau khi chụp.</p>\r\n\r\n<p><img alt=\"iPhone Xs camera kép\" src=\"https://fptshop.com.vn/Uploads/images/2015/Tin-Tuc/QuanLNH2/iphone-xs-8.jpg\" /></p>\r\n\r\n<p>Với cảm biến c&oacute; điểm ảnh lớn hơn,&nbsp;<strong>iPhone Xs 64GB</strong>&nbsp;c&oacute; khả năng chụp đẹp trong cả điều kiện &aacute;nh s&aacute;ng yếu. Thậm ch&iacute; khi chụp c&aacute;c cảnh h&agrave;nh động, iPhone Xs cũng l&agrave;m xuất sắc nhờ cảm biến nhanh hơn, Smart HDR v&agrave; độ trễ m&agrave;n trập gần như bằng 0. Ở mọi ho&agrave;n cảnh th&igrave; iPhone Xs cũng đều thể hiện khả năng chuy&ecirc;n nghiệp trong nhiếp ảnh, chụp nhanh ch&oacute;ng v&agrave; đơn giản nhưng hiệu quả cực kỳ cao.</p>\r\n\r\n<p><img alt=\"iPhone Xs xóa phông\" src=\"https://fptshop.com.vn/Uploads/images/2015/Tin-Tuc/QuanLNH2/iphone-xs-9.jpg\" /></p>\r\n\r\n<h2><strong>iPhone Xs 64GB c&oacute; thể x</strong><strong>&oacute;a ph&ocirc;ng tr&ecirc;n cả camera selfie</strong></h2>\r\n\r\n<p>Những cải tiến từ hệ thống camera TrueDepth gi&uacute;p cho bạn c&oacute; thể chụp ảnh x&oacute;a ph&ocirc;ng ngay cả tr&ecirc;n camera selfie. Giờ đ&acirc;y th&igrave; chỉ ri&ecirc;ng bạn cũng dễ d&agrave;ng tạo ra c&aacute;c bức ảnh ch&acirc;n dung nghệ thuật bằng camera trước của iPhone Xs.</p>\r\n\r\n<p><img alt=\"iPhone Xs camera selfie\" src=\"https://fptshop.com.vn/Uploads/images/2015/Tin-Tuc/QuanLNH2/iphone-xs-10.jpg\" /></p>\r\n\r\n<h2><strong>iPhone Xs 64GB sở hữu l</strong><strong>oa ngo&agrave;i sống động</strong></h2>\r\n\r\n<p><strong>iPhone Xs 64GB</strong>&nbsp;cho trải nghiệm h&igrave;nh ảnh tuyệt vời nhờ m&agrave;n h&igrave;nh HDR10 v&agrave; c&ocirc;ng nghệ h&igrave;nh ảnh Dolby Vision. Kh&ocirc;ng chỉ vậy, chiếc iPhone n&agrave;y c&ograve;n c&oacute; loa ngo&agrave;i stereo với chất lượng kh&oacute; tin về cả độ lớn lẫn độ chi tiết. Bạn sẽ c&oacute; những ph&uacute;t gi&acirc;y giải tr&iacute; cực đỉnh nhờ sự kết hợp giữa h&igrave;nh ảnh v&agrave; &acirc;m thanh v&ocirc; c&ugrave;ng sống động tr&ecirc;n iPhone Xs.</p>\r\n\r\n<p><img alt=\"iPhone Xs loa ngoài\" src=\"https://fptshop.com.vn/Uploads/images/2015/Tin-Tuc/QuanLNH2/iphone-xs-11.jpg\" /></p>\r\n\r\n<h2><strong>An to&agrave;n hơn với chuẩn chống nước mới</strong></h2>\r\n\r\n<p><strong>iPhone Xs 64GB</strong>&nbsp;được trang bị chuẩn chống nước IP68, bền nhất tr&ecirc;n một thiết bị di động, cho ph&eacute;p ng&acirc;m nước ở độ s&acirc;u 2m trong v&ograve;ng 30 ph&uacute;t. Như vậy l&agrave; bạn sẽ ho&agrave;n to&agrave;n y&ecirc;n t&acirc;m với hầu hết loại chất lỏng, d&ugrave; l&agrave; coffee, tr&agrave;, soda cũng kh&ocirc;ng thể l&agrave;m hại chiếc iPhone Xs của bạn.</p>\r\n\r\n<p><img alt=\"iPhone Xs chống nước\" src=\"https://fptshop.com.vn/Uploads/images/2015/Tin-Tuc/QuanLNH2/iphone-xs-12.jpg\" /></p>\r\n', 6, 7),
('iPhone 8 Plus 64GB', 'Agless', 16600000, 0, '<h2><strong>iPhone 8 Plus 64GB c&oacute; thiết kế sang trọng</strong></h2>\r\n\r\n<p>&nbsp;</p>\r\n\r\n<p><img alt=\"iphone 8 plus 64gb có thiết kế sang trọng\" src=\"https://fptshop.com.vn/Uploads/images/2015/SANPHAM/T11/iphone-8-plus-64-gb/iphone-8-plus-64-gb-6.jpg\" /></p>\r\n\r\n<p>&nbsp;</p>\r\n\r\n<p><strong>iPhone 8 Plus 64Gb</strong>&nbsp;đ&atilde; thay đổi về mặt thiết kế so với những đời iPhone cũ: mặt sau đ&atilde; chuyển sang chất liệu k&iacute;nh bo cong 2.5D đẹp mắt hơn, loại bỏ viền ăng-ten, bộ khung kim loại cứng c&aacute;p hơn c&ugrave;ng với 7 lớp xử l&yacute; m&agrave;u tăng mạnh khả năng chống trầy xước. Nh&igrave;n tổng thể th&igrave; kh&ocirc;ng c&oacute; nhiều thay đổi so với iPhone 7 Plus nhưng<strong>&nbsp;iPhone 8 Plus 64Gb</strong>&nbsp;lại mang đến cảm gi&aacute;c tinh tế sang trọng hơn rất nhiều.</p>\r\n\r\n<p>&nbsp;</p>\r\n\r\n<h2><strong>iPhone 8 Plus 64GB sở hữu camera tốt nhất</strong></h2>\r\n\r\n<p>&nbsp;</p>\r\n\r\n<p>Hệ thống camera k&eacute;p tại mặt sau của&nbsp;iPhone 8 Plus&nbsp;64Gb vẫn được thiết kế theo chiều ngang tuy nhi&ecirc;n lại được cải tiến mạnh mẽ: một ống k&iacute;nh rộng độ ph&acirc;n giải 12MP khẩu độ f/1.8 v&agrave; một ống k&iacute;nh tele đồng độ ph&acirc;n giải khẩu độ f.2/8 được n&acirc;ng cấp cho khả năng thu nhận &aacute;nh s&aacute;ng nhiều hơn gi&uacute;p h&igrave;nh ảnh sắc n&eacute;t v&agrave; chi tiết hơn trong mọi điều kiện m&ocirc;i trường. Ngo&agrave;i ra c&ograve;n t&iacute;ch hợp th&ecirc;m c&ocirc;ng nghệ chống rung quang học gi&uacute;p lấy n&eacute;t nhanh hơn v&agrave; ch&iacute;nh x&aacute;c hơn.</p>\r\n\r\n<p>&nbsp;</p>\r\n\r\n<p><img alt=\"iPhone 8 Plus 64GB sở hữu camera tốt nhất\" src=\"https://fptshop.com.vn/Uploads/images/2015/SANPHAM/T11/iphone-8-plus-64-gb/iphone-8-plus-64-gb-1.jpg\" /></p>\r\n\r\n<p>&nbsp;</p>\r\n\r\n<p>Quan trọng nhất l&agrave;&nbsp;<strong>iPhone 8 Plus 64Gb</strong>&nbsp;c&ograve;n hỗ trợ quay video chất lượng cao 4K/60fps v&agrave; 1080p/240fps, điều m&agrave; chưa c&oacute; chiếc smartphone n&agrave;o hiện nay c&oacute; thể đạt tới.</p>\r\n\r\n<p>&nbsp;</p>\r\n\r\n<p><img alt=\"iPhone 8 Plus 64GB sở hữu camera tốt nhất 1\" src=\"https://fptshop.com.vn/Uploads/images/2015/SANPHAM/T11/iphone-8-plus-64-gb/iphone-8-plus-64-gb-4.jpg\" /></p>\r\n\r\n<p>&nbsp;</p>\r\n\r\n<h2><strong>iPhone 8 64GB c&oacute; hiệu năng mạnh mẽ</strong></h2>\r\n\r\n<p>&nbsp;</p>\r\n\r\n<p><img alt=\"iPhone 8 64GB có hiệu năng mạnh mẽ\" src=\"https://fptshop.com.vn/Uploads/images/2015/SANPHAM/T11/iphone-8-plus-64-gb/iphone-8-plus-64-gb-5.jpg\" /></p>\r\n\r\n<p>&nbsp;</p>\r\n\r\n<p>Sở hữu d&ograve;ng chip mới nhất Apple A11 Bionic 6 nh&acirc;n, trong đ&oacute; 2 nh&acirc;n c&oacute; khả năng xử l&yacute; nhanh hơn 25%, 4 nh&acirc;n c&ograve;n lại c&oacute; tốc độ nhanh hơn 70% so với d&ograve;ng chip A10, iPhone 8 Plus 64Gb l&agrave; chiếc smartphone c&oacute; thể đ&aacute;p ứng mọi nhu cầu m&agrave; bạn mong muốn một c&aacute;ch tối ưu nhất.</p>\r\n\r\n<p>&nbsp;</p>\r\n\r\n<h2><strong>Trang bị c&ocirc;ng nghệ m&agrave;n h&igrave;nh True Tone</strong></h2>\r\n\r\n<p>&nbsp;</p>\r\n\r\n<p>Với m&agrave;n h&igrave;nh True Tone 5.5 inch (vốn trước đ&oacute; chỉ c&oacute; tr&ecirc;n iPad Pro),&nbsp;<strong>iPhone 8&nbsp;Plus 64Gb</strong>&nbsp;sẽ &iacute;t phản chiếu &aacute;nh s&aacute;ng hơn, do đ&oacute; m&agrave;u sắc m&agrave; người d&ugrave;ng thấy tr&ecirc;n m&agrave;n h&igrave;nh sẽ gần ch&iacute;nh x&aacute;c nhất với thực tế. Việc chặn phản chiếu &aacute;nh s&aacute;ng n&agrave;y rất quan trọng để l&agrave;m cho iPhone 8 Plus 64Gb c&oacute; thể đọc chữ được nếu bạn ở ngo&agrave;i trời. Độ ph&acirc;n giải FullHD 1920 x 1080 được cải tiến mạnh mẽ cho khả năng hiển thị chất lượng cao.&nbsp;</p>\r\n\r\n<p>&nbsp;</p>\r\n\r\n<p><img alt=\"Trang bị công nghệ màn hình True Tone\" src=\"https://fptshop.com.vn/Uploads/images/2015/SANPHAM/T11/iphone-8-plus-64-gb/iphone-8-plus-64-gb-7.jpg\" /></p>\r\n\r\n<p>&nbsp;</p>\r\n\r\n<h2><strong>Pin v&agrave; sạc kh&ocirc;ng d&acirc;y</strong></h2>\r\n\r\n<p>&nbsp;</p>\r\n\r\n<p>Cuối c&ugrave;ng th&igrave; Apple cũng t&iacute;ch hợp t&iacute;nh năng sạc kh&ocirc;ng d&acirc;y cho iPhone th&ocirc;ng qua dock sạc AirPower, chuẩn Qi rất phổ biến. T&iacute;nh năng n&agrave;y tuy kh&ocirc;ng mới nhưng lại rất cần c&oacute; tr&ecirc;n iPhone v&igrave; t&iacute;nh an to&agrave;n v&agrave; tiện lợi. Ngo&agrave;i ra,&nbsp;<strong>iPhone 8 Plus&nbsp;64Gb</strong>&nbsp;c&ograve;n c&oacute; khả năng sạc nhanh khi nạp đầy 50% lượng pin dung lượng 2900 mAh chỉ trong 30 ph&uacute;t. Với chip A11 Bionic 6 nh&acirc;n mạnh mẽ, lượng ti&ecirc;u thụ điện năng của iphone 8 Plus 64Gb giảm một nửa so với sản phẩm tiền nhiệm. B&acirc;y giờ &ldquo;hết pin&rdquo; kh&ocirc;ng c&ograve;n l&agrave; vấn đề nữa rồi.</p>\r\n\r\n<p>&nbsp;</p>\r\n\r\n<p><img alt=\"Pin và sạc không dây\" src=\"https://fptshop.com.vn/Uploads/images/2015/SANPHAM/T11/iphone-8-plus-64-gb/iphone-8-plus-64-gb-2.jpg\" /></p>\r\n\r\n<p>&nbsp;</p>\r\n\r\n<h2><strong>Hệ điều h&agrave;nh iOS 11</strong></h2>\r\n\r\n<p>&nbsp;</p>\r\n\r\n<p><img alt=\"Hệ điều hành iOS 11\" src=\"https://fptshop.com.vn/Uploads/images/2015/SANPHAM/T11/iphone-8-plus-64-gb/iphone-8-plus-64-gb-3.jpg\" /></p>\r\n\r\n<p>&nbsp;</p>\r\n\r\n<p>Hệ điều h&agrave;nh iOS 11 tr&ecirc;n&nbsp;<strong>Apple iPhone 8 Plus 64Gb&nbsp;</strong>được đ&aacute;nh gi&aacute; cao với nhiều cải tiến vượt bậc về giao diện, cho khả năng đa nhiệm mượt m&agrave;, hỗ trợ mạnh t&iacute;nh năng thực tế ảo AR, gi&uacute;p người d&ugrave;ng c&oacute; được trải nghiệm to&agrave;n diện hơn.</p>\r\n\r\n<p>&nbsp;</p>\r\n\r\n<h2><strong>T&iacute;nh năng chống nước</strong></h2>\r\n\r\n<p>&nbsp;</p>\r\n\r\n<p><img alt=\"Tính năng chống nước trên iphone 8 plus 64gb\" src=\"https://fptshop.com.vn/Uploads/images/2015/SANPHAM/T11/iphone-8-plus-64-gb/iphone-8-plus-64-gb-8.jpg\" /></p>\r\n\r\n<p>&nbsp;</p>\r\n\r\n<p>Theo Apple,<strong>&nbsp;iPhone 8 Plus 64Gb&nbsp;</strong>đạt chuẩn chống nước kh&aacute;ng bụi IP 67 cho ph&eacute;p chịu nước ở độ s&acirc;u 1 m&eacute;t trong v&ograve;ng 30 ph&uacute;t. V&igrave; vậy người d&ugrave;ng c&oacute; thể ho&agrave;n to&agrave;n y&ecirc;n t&acirc;m sử dụng dưới trời mưa hay trong m&ocirc;i trường đầy kh&oacute;i bụi</p>\r\n', 7, 7);

-- --------------------------------------------------------

--
-- Cấu trúc bảng cho bảng `news`
--

CREATE TABLE `news` (
  `title` text CHARACTER SET utf8 COLLATE utf8_unicode_ci NOT NULL,
  `desc` text CHARACTER SET utf8 COLLATE utf8_unicode_ci NOT NULL,
  `content` text CHARACTER SET utf8 COLLATE utf8_unicode_ci NOT NULL,
  `image` text CHARACTER SET utf8 COLLATE utf8_unicode_ci NOT NULL,
  `pub_date` text CHARACTER SET utf8 COLLATE utf8_unicode_ci NOT NULL,
  `id` int(11) NOT NULL
) ENGINE=InnoDB DEFAULT CHARSET=latin1;

--
-- Đang đổ dữ liệu cho bảng `news`
--

INSERT INTO `news` (`title`, `desc`, `content`, `image`, `pub_date`, `id`) VALUES
('Smartphone Trung Quốc đang chia làm 2 phe để cắn xé lẫn nhau một cách gay gắt chưa từng thấy', 'Đứng trước lệnh cấm chưa từng có tiền lệ của Mỹ, Huawei vẫn đang tỏ ra kiên cường. Trong tuyên bố được gửi đi ngày 16/10, hãng smartphone Trung Quốc khẳng định số lượng smartphone xuất xưởng trong 9 ', '<p>Trong trường hợp những con số Huawei c&ocirc;ng bố l&agrave; ch&iacute;nh x&aacute;c, việc h&atilde;ng n&agrave;y tăng trưởng b&ugrave;ng nổ cũng l&agrave; ho&agrave;n to&agrave;n dễ hiểu: việc bị tổng thống Trump đưa v&agrave;o &quot;danh s&aacute;ch đen&quot; đ&atilde; phản t&aacute;c dụng tại Trung Quốc &ndash; Trump c&agrave;ng cấm,&nbsp;<a href=\"http://genk.vn/bi-my-trung-phat-huawei-chiem-thi-phan-smartphone-ky-luc-o-trung-quoc-20191031093156113.chn\" target=\"_blank\">người Trung Quốc c&agrave;ng y&ecirc;u Huawei</a>. Nếu như năm 2018 doanh thu từ Trung Quốc đ&atilde; chiếm qu&aacute; nửa tổng doanh thu của Huawei, năm nay chắc chắn tỷ lệ n&agrave;y c&ograve;n phải gia tăng hơn nữa.</p>\r\n\r\n<p>Quả thật, trong qu&yacute; 3 vừa qua Huawei đ&atilde; b&aacute;n được 41,5 triệu smartphone tại qu&ecirc; nh&agrave;. Con số n&agrave;y tương đương khoảng 61% tổng doanh số smartphone của Huawei tr&ecirc;n to&agrave;n cầu. Tốc độ tăng trưởng của h&atilde;ng n&agrave;y tại Trung Quốc l&ecirc;n tới 66%, trong khi to&agrave;n cảnh thị trường nước n&agrave;y lại suy giảm 3%.</p>\r\n\r\n<p>H&atilde;y để &yacute; đến điều bất thường ở đ&acirc;y:&nbsp;<strong>thị trường Trung Quốc suy giảm m&agrave; Huawei lại tăng mạnh</strong>&nbsp;&ndash; chắc chắn, phải c&oacute; kẻ đang đi&ecirc;u đứng v&igrave; người Trung Quốc qu&aacute; y&ecirc;u Huawei. Apple ư? Kh&ocirc;ng hẳn<strong>:&nbsp;</strong>doanh số iPhone tại Trung Quốc giảm chỉ 1 triệu chiếc trong khi doanh số Huawei lại tăng tới 17.5 triệu chiếc. V&agrave;, mặc d&ugrave; doanh số iPhone giảm, b&aacute;o c&aacute;o t&agrave;i ch&iacute;nh cho thấy doanh thu của Apple tại Trung Quốc, Đ&agrave;i Loan v&agrave; Hong Kong gần như kh&ocirc;ng giảm. Tức l&agrave;, người Trung Quốc c&oacute; thể đang mua iPhone &iacute;t hơn, nhưng họ lại bạo chi hơn mỗi lần bỏ hầu bao cho Tim Cook.</p>\r\n\r\n<p>Vậy ai mới l&agrave; nạn nh&acirc;n khi Huawei tăng trưởng?</p>\r\n\r\n<p>&nbsp;</p>\r\n\r\n<p><a href=\"http://genknews.genkcdn.vn/2019/11/6/rectangle-311-copy-15730314900642001587199.png\" target=\"_blank\"><img alt=\"Smartphone Trung Quốc đang chia làm 2 phe để cắn xé lẫn nhau một cách gay gắt chưa từng thấy - Ảnh 3.\" src=\"http://genknews.genkcdn.vn/2019/11/6/rectangle-311-copy-15730314900642001587199.png\" /></a></p>\r\n\r\n<p>&nbsp;</p>\r\n\r\n<p><a href=\"http://genknews.genkcdn.vn/2019/11/6/rectangle-321-copy-15730314900671538793041.png\" target=\"_blank\"><img alt=\"Smartphone Trung Quốc đang chia làm 2 phe để cắn xé lẫn nhau một cách gay gắt chưa từng thấy - Ảnh 4.\" src=\"http://genknews.genkcdn.vn/2019/11/6/rectangle-321-copy-15730314900671538793041.png\" /></a></p>\r\n\r\n<p>Đọc đến đ&acirc;y, c&oacute; lẽ bạn đ&atilde; đo&aacute;n ra được ai l&agrave; kẻ trả gi&aacute; cho chiến thắng của Huawei. Trừ Apple, thị trường smartphone Trung Quốc vốn gần như l&agrave; của ri&ecirc;ng c&aacute;c h&atilde;ng Trung Quốc.&nbsp;<strong>Khi Huawei trỗi dậy, Vivo, OPPO, Xiaomi đang l&agrave; những kẻ chịu thiệt lớn nhất.</strong></p>\r\n\r\n<p>Những con số thống k&ecirc; cho thấy điều n&agrave;y: cả 3 &ocirc;ng lớn Trung Quốc đều đang chứng kiến mức độ suy giảm tr&ecirc;n 20% (Canalys). Trong qu&yacute; 3, doanh số Vivo giảm 5 triệu chiếc, doanh số OPPO giảm 4 triệu chiếc, Xiaomi giảm 5 triệu chiếc. Tổng cộng, 3 h&atilde;ng n&agrave;y giảm 14 triệu chiếc, v&agrave; Huawei tăng 17 triệu chiếc. Apple chỉ giảm vỏn vẹn 2 triệu iPhone b&aacute;n ra tại Trung Quốc m&agrave; th&ocirc;i.</p>\r\n\r\n<p>Tương tự, trong c&ugrave;ng kỳ qu&yacute; 2, khi Huawei tăng doanh số 9 triệu m&aacute;y th&igrave; Apple chỉ giảm c&oacute; 1 triệu m&aacute;y m&agrave; th&ocirc;i. C&oacute; thể con số giảm n&agrave;y l&agrave; hệ lụy của chiến tranh thương mại Mỹ - Trung, của những lời chỉ tr&iacute;ch m&agrave; một c&ocirc;ng ty Mỹ phải chịu đựng khi Mỹ &quot;đ&aacute;nh&quot; c&ocirc;ng ty lớn nhất của Trung Quốc. Nhưng c&oacute; gh&eacute;t Apple đến đ&acirc;u th&igrave; người ti&ecirc;u d&ugrave;ng Trung Quốc vẫn đ&atilde; khiến c&aacute;c h&atilde;ng Trung Quốc kh&aacute;c phải trả gi&aacute;:&nbsp;<strong>trong c&ugrave;ng qu&yacute; 2, tốc độ tăng trưởng của Huawei khi đ&oacute; đạt 31% trong khi OPPO, Vivo v&agrave; Xiaomi đều suy giảm xấp xỉ 20%.&nbsp;</strong></p>\r\n\r\n<p>&nbsp;</p>\r\n\r\n<p><a href=\"http://genknews.genkcdn.vn/2019/11/6/rectangle-312-copy-15730314900661503931456.png\" target=\"_blank\"><img alt=\"Smartphone Trung Quốc đang chia làm 2 phe để cắn xé lẫn nhau một cách gay gắt chưa từng thấy - Ảnh 5.\" src=\"http://genknews.genkcdn.vn/2019/11/6/rectangle-312-copy-15730314900661503931456.png\" /></a></p>\r\n\r\n<p>&nbsp;</p>\r\n\r\n<p><a href=\"http://genknews.genkcdn.vn/2019/11/6/rectangle-322-copy-1573031490069878695371.png\" target=\"_blank\"><img alt=\"Smartphone Trung Quốc đang chia làm 2 phe để cắn xé lẫn nhau một cách gay gắt chưa từng thấy - Ảnh 6.\" src=\"http://genknews.genkcdn.vn/2019/11/6/rectangle-322-copy-1573031490069878695371.png\" /></a></p>\r\n\r\n<p>Bằng c&aacute;ch tăng trưởng mạnh tại qu&ecirc; nh&agrave;, Huawei c&oacute; thể tạo ra ấn tượng rằng lệnh cấm của &ocirc;ng Trump kh&ocirc;ng ảnh hưởng đến h&atilde;ng. Nhưng thực tế l&agrave;, đến cuối c&ugrave;ng người Trung Quốc vẫn chịu thiệt - &quot;nạn nh&acirc;n&quot; kh&ocirc;ng phải l&agrave; Huawei m&agrave; l&agrave; Xiaomi, OPPO v&agrave; Vivo.</p>\r\n\r\n<p>Kết quả l&agrave; smartphone Trung Quốc quay ra cạnh tranh nhau gay gắt. Gi&aacute;m đốc Huawei l&ecirc;n tiếng ch&ecirc; bai Mi Mix Alpha, Xiaomi ngay lập tức đem Mate 30 RS ra d&egrave; bỉu. Huawei ch&ecirc; OPPO/Vivo l&agrave; h&atilde;ng nhỏ chỉ biết copy, hai h&atilde;ng con BBK n&agrave;y liền quay ra bắt tay với Xiaomi để tạo th&agrave;nh nền tảng giống AirDrop của Apple &ndash; Huawei bị cho ra r&igrave;a.</p>\r\n\r\n<p>V&agrave; dĩ nhi&ecirc;n l&agrave; Huawei cũng chẳng thể tự coi m&igrave;nh l&agrave; kẻ chiến thắng: d&ugrave; c&oacute; thể tiếp tục khoe những con số ấn tượng, h&atilde;ng n&agrave;y coi như đ&atilde; mất trắng c&aacute;c thị trường chuộng Google. Tại Ấn Độ - thị trường đ&oacute;ng g&oacute;p phần tăng trưởng quan trọng cho ng&agrave;nh c&ocirc;ng nghiệp smartphone, vừa đặt mục ti&ecirc;u n&acirc;ng thị phần cho h&atilde;ng con Honor l&ecirc;n 10% trong th&aacute;ng 4 th&igrave; đến qu&yacute; 3 cả Huawei/Honor đ&atilde; &quot;bốc hơi&quot; c&ograve;n 1%. Tại ch&acirc;u &Acirc;u, phần tăng trưởng của Xiaomi gần như vừa vặn với phần Huawei bị mất &ndash; khoảng 1,5 triệu m&aacute;y.</p>\r\n\r\n<p>&nbsp;</p>\r\n\r\n<p><a href=\"http://genknews.genkcdn.vn/2019/11/6/rectangle-3211-copy-2-15730314900731895184244.png\" target=\"_blank\"><img alt=\"Smartphone Trung Quốc đang chia làm 2 phe để cắn xé lẫn nhau một cách gay gắt chưa từng thấy - Ảnh 7.\" src=\"http://genknews.genkcdn.vn/2019/11/6/rectangle-3211-copy-2-15730314900731895184244.png\" /></a></p>\r\n\r\n<p>Tại khu vực Đ&ocirc;ng Nam &Aacute;, trong qu&yacute; 2/2019 Xiaomi v&agrave; Realme (h&atilde;ng con của OPPO) đ&aacute;nh bật Huawei ra khỏi top 5. Tại Việt Nam, Huawei/Honor vốn đang tr&ecirc;n đ&agrave; tăng trưởng với 6,8% thị phần offline v&agrave; 3,4% thị phần online th&igrave; đến th&aacute;ng 6 chỉ c&ograve;n lại vỏn vẹn 1% mỗi k&ecirc;nh. L&yacute; do khiến người d&ugrave;ng hoang mang dĩ nhi&ecirc;n l&agrave; việc Google r&uacute;t ph&eacute;p sử dụng Android &ndash; điều ho&agrave;n to&agrave;n kh&ocirc;ng ảnh hưởng tới c&aacute;c thương hiệu Trung Quốc c&ograve;n lại.</p>\r\n\r\n<p>&nbsp;</p>\r\n\r\n<p><a href=\"http://genknews.genkcdn.vn/2019/11/6/rectangle-3111-copy-2-1573031490071367476478.png\" target=\"_blank\"><img alt=\"Smartphone Trung Quốc đang chia làm 2 phe để cắn xé lẫn nhau một cách gay gắt chưa từng thấy - Ảnh 8.\" src=\"http://genknews.genkcdn.vn/2019/11/6/rectangle-3111-copy-2-1573031490071367476478.png\" /></a></p>\r\n\r\n<p>V&igrave; &ocirc;ng Trump, Huawei phải chấp nhận mất trắng c&aacute;c thị trường quốc tế chuộng Google, nhưng b&ugrave; lại đ&atilde; b&ugrave;ng nổ ở &quot;qu&ecirc; nh&agrave;&quot;. Ở ph&iacute;a ngược lại, nhờ c&oacute; &ocirc;ng Trump, Xiaomi, OPPO v&agrave; Vivo đ&atilde; bớt được một đối thủ h&ugrave;ng mạnh ở phạm vi to&agrave;n cầu, nhưng lại phải trả gi&aacute; bằng thị phần tại Trung Quốc. Cuộc nội chiến smartphone tại Trung Quốc đang diễn ra gay gắt hơn bao giờ hết.</p>\r\n\r\n<p>Liệu người Trung Quốc c&oacute; tiếp tục ủng hộ Huawei mạnh mẽ đến thế? Liệu Xiaomi, OPPO v&agrave; Vivo c&oacute; c&aacute;ch n&agrave;o &quot;l&aacute;i&quot; được người Trung Quốc về ph&iacute;a m&igrave;nh? Kh&oacute; c&oacute; thể đo&aacute;n định điều g&igrave; sẽ xảy ra tiếp theo, nhưng r&otilde; r&agrave;ng l&agrave; chỉ c&oacute; smartphone Trung Quốc đang cắn x&eacute; lẫn nhau m&agrave; th&ocirc;i. Theo b&aacute;o c&aacute;o t&agrave;i ch&iacute;nh mới đ&acirc;y, Apple lại vừa c&oacute; một qu&yacute; 3 kỷ lục, Samsung vừa chứng kiến cả doanh thu lẫn lợi nhuận mảng di động tăng trưởng ở mức 2 chữ số. Mặc cho smartphone Trung Quốc &quot;đ&aacute;nh&quot; nhau, 2 &ocirc;ng lớn Mỹ/H&agrave;n đều đang ung dung tại vị...</p>\r\n', 'img/news/rectangle-32-1573031490062841998733.png', '27/09/2019', 9),
('iPhone 11 Pro Max cháy hàng tại Việt Nam dù giá cao', 'iPhone 11 Pro Max gặp tình trạng cháy hàng trong nước. Người dùng buộc phải đặt cọc và chờ đợi từ vài ngày đến vài tuần thì mới được nhận máy.\r\n', '<p>iPhone 11 Pro v&agrave; iPhone 11 Pro Max được mở b&aacute;n tại Việt Nam v&agrave;o ng&agrave;y 1/11, chậm hơn khoảng 1.5 th&aacute;ng so với c&aacute;c quốc gia đầu ti&ecirc;n tr&ecirc;n thế giới. Tuy vậy, t&igrave;nh trạng thiếu h&agrave;ng vẫn xảy ra tại c&aacute;c nh&agrave; b&aacute;n lẻ trong nước, đặc biệt l&agrave; với mẫu iPhone 11 Pro Max.</p>\r\n\r\n<p>&nbsp;</p>\r\n\r\n<p><img alt=\"iPhone 11 Pro Max cháy hàng tại Việt Nam dù giá cao - Ảnh 1.\" src=\"http://genknews.genkcdn.vn/thumb_w/660/2019/11/2/e-mob126-1572712631053705421145.png\" /></p>\r\n\r\n<p>iPhone 11 Pro Max</p>\r\n\r\n<p>Theo ghi nhận tại nhiều chuỗi b&aacute;n lẻ iPhone ch&iacute;nh h&atilde;ng tại H&agrave; Nội v&agrave; TP.HCM như Thế Giới Di Động, FPT Shop, CellphoneS, Ho&agrave;ng H&agrave; Mobile... iPhone 11 Pro Max đều trong t&igrave;nh trạng ch&aacute;y h&agrave;ng. Người d&ugrave;ng sẽ phải đặt cọc tiền v&agrave; đợi một v&agrave;i ng&agrave;y, thậm ch&iacute; v&agrave;i tuần th&igrave; mới được nhận m&aacute;y tr&ecirc;n tay.</p>\r\n\r\n<p>Trong số nhiều phi&ecirc;n bản m&agrave;u sắc v&agrave; dung lượng của iPhone 11 Pro Max, phi&ecirc;n bản hot nhất l&agrave; 64GB m&agrave;u Xanh l&aacute; (Midnight Green). Đ&acirc;y l&agrave; m&agrave;u sắc mới của thế hệ iPhone năm nay v&agrave; được nhiều người ưa chuộng. C&aacute;c phi&ecirc;n bản dung lượng v&agrave; m&agrave;u sắc c&ograve;n lại tuy kh&ocirc;ng gặp t&igrave;nh cảnh ch&aacute;y h&agrave;ng nghi&ecirc;m trọng như vậy, tuy nhi&ecirc;n số lượng m&aacute;y tương đối l&aacute;c đ&aacute;c v&agrave; kh&ocirc;ng phải cửa h&agrave;ng n&agrave;o cũng c&oacute; h&agrave;ng.</p>\r\n\r\n<p>&nbsp;</p>\r\n\r\n<p><img alt=\"iPhone 11 Pro Max cháy hàng tại Việt Nam dù giá cao - Ảnh 2.\" src=\"http://genknews.genkcdn.vn/thumb_w/660/2019/11/5/screenshot-52-1572971944316240715353.png\" /></p>\r\n\r\n<p>&nbsp;</p>\r\n\r\n<p><img alt=\"iPhone 11 Pro Max cháy hàng tại Việt Nam dù giá cao - Ảnh 3.\" src=\"http://genknews.genkcdn.vn/thumb_w/660/2019/11/6/screen-shot-2019-11-06-at-100821-am-15730097188441853265124.png\" /></p>\r\n\r\n<p>&nbsp;</p>\r\n\r\n<p><img alt=\"iPhone 11 Pro Max cháy hàng tại Việt Nam dù giá cao - Ảnh 4.\" src=\"http://genknews.genkcdn.vn/thumb_w/660/2019/11/6/screen-shot-2019-11-06-at-101058-am-1573009871591999104295.png\" /></p>\r\n\r\n<p>&nbsp;</p>\r\n\r\n<p><img alt=\"iPhone 11 Pro Max cháy hàng tại Việt Nam dù giá cao - Ảnh 5.\" src=\"http://genknews.genkcdn.vn/thumb_w/660/2019/11/6/screen-shot-2019-11-06-at-101338-am-1573010032003547070556.png\" /></p>\r\n\r\n<p>Tham khảo tại bốn hệ thống b&aacute;n lẻ lớn tại Việt Nam l&agrave; Thế Giới Di Động, FPT Shop, CellphoneS v&agrave; Ho&agrave;ng H&agrave; Mobile cho thấy iPhone 11 Pro Max đang trong t&igrave;nh trạng ch&aacute;y h&agrave;ng.</p>\r\n\r\n<p>Tại Việt Nam, iPhone 11 Pro Max c&oacute; gi&aacute; b&aacute;n lẻ dao động từ 34-44 triệu đồng, biến đ&acirc;y trở th&agrave;nh mẫu điện thoại với gi&aacute; b&aacute;n cao nhất tr&ecirc;n thị trường hiện nay. Mặc d&ugrave; mang kiểu d&aacute;ng &iacute;t thay đổi so với thế hệ trước, tuy nhi&ecirc;n iPhone 11 Pro Max vẫn được người d&ugrave;ng Việt Nam đ&oacute;n nhận nhờ hệ thống 3 camera, thời lượng pin l&acirc;u hơn v&agrave; m&agrave;u sắc mới.</p>\r\n\r\n<p>Trước đ&oacute;, theo chia sẻ từ đại diện Thế Giới Di Động, lượng đơn đặt h&agrave;ng của iPhone 11 series cao gấp ba lần so với thế hệ iPhone năm ngo&aacute;i. Số liệu được chia sẻ từ hệ thống CellphoneS cũng cho biết lượng đặt h&agrave;ng iPhone năm nay cao gấp đ&ocirc;i.</p>\r\n\r\n<p>B&ecirc;n cạnh sức h&uacute;t c&oacute; sẵn của sản phẩm, một l&yacute; do quan trọng kh&aacute;c dẫn đến sự nhảy vọt về doanh số của iPhone ch&iacute;nh h&atilde;ng năm nay đến từ ch&iacute;nh s&aacute;ch của Apple nhằm thu h&uacute;t người d&ugrave;ng mua h&agrave;ng ch&iacute;nh h&atilde;ng, b&agrave;i trừ h&agrave;ng x&aacute;ch tay.&nbsp;</p>\r\n\r\n<p>Apple đang c&oacute; những động th&aacute;i cứng rắn trong việc kh&ocirc;ng nhận bảo h&agrave;nh, hỗ trợ đối với những sản phẩm x&aacute;ch tay, kh&ocirc;ng r&otilde; r&agrave;ng về nguồn gốc, xuất xứ. Đơn cử như vụ việc iPhone bất ngờ bị kho&aacute; iCloud lạ trong những tuần vừa qua, Apple chỉ hỗ trợ mở kho&aacute; iCloud với người d&ugrave;ng ch&iacute;nh h&atilde;ng v&agrave; từ chối người d&ugrave;ng iPhone x&aacute;ch tay nếu như kh&ocirc;ng xuất tr&igrave;nh ho&aacute; đơn, chứng từ hợp lệ. Song song với đ&oacute;, Apple cũng c&oacute; những biện ph&aacute;p hỗ trợ nh&agrave; b&aacute;n lẻ, cho ph&eacute;p họ giảm gi&aacute; b&aacute;n nhằm cạnh tranh trực tiếp với h&agrave;ng x&aacute;ch tay.</p>\r\n', 'img/news/photo-1-15730249817881978388070.png', '27/09/2019', 10),
('Trải nghiệm OPPO Reno 5G trong khuôn khổ lễ công bố phát sóng 5G của Viettel', 'Sáng nay ngày 21/09/2019, Tập đoàn Công nghiệp – Viễn thông Quân đội Viettel chính thức công bố phát sóng 5G, đưa vào khai thác hệ thống hạ tầng kết nối vạn vật (IoT) và nền tảng phát triển xã hội số ', '<p>Việt Nam vinh dự trở th&agrave;nh một trong những quốc gia đầu ti&ecirc;n tr&ecirc;n thế giới triển khai mạng 5G. Trong ng&agrave;y h&ocirc;m nay, đ&atilde; c&oacute; rất nhiều người trải nghiệm tốc độ mạng dữ liệu di động nhanh nhất cho đến thời điểm n&agrave;y tại Th&agrave;nh Phố Hồ Ch&iacute; Minh. C&aacute;c thiết bị tương th&iacute;ch mạng 5G của Viettel cũng được trưng b&agrave;y để kết nối v&agrave; cung cấp những th&ocirc;ng tin về tốc độ một c&aacute;ch ch&iacute;nh x&aacute;c nhất.</p>\r\n\r\n<p><img alt=\"Viettel, mạng Viettel, Viettel 5G, đánh giá Viettel 5G, OPPO Reno, OPPO Reno 5G\" src=\"https://media.techz.vn/media2019/upload/2019/09/21/image-1569055640-DSC03574.jpg\" /></p>\r\n\r\n<p>Tại buổi lễ, Viettel c&ocirc;ng bố đ&atilde; ho&agrave;n th&agrave;nh việc x&acirc;y dựng 1000 trạm NB- IoT phủ s&oacute;ng 100% th&agrave;nh phố Hồ Ch&iacute; Minh. Đ&acirc;y cũng l&agrave; địa phương đầu ti&ecirc;n tr&ecirc;n cả nước phủ s&oacute;ng 5G liền mạch v&agrave; IoT tr&ecirc;n diện rộng.&nbsp;Lần đầu ti&ecirc;n người d&ugrave;ng được trải nghiệm nhiều dịch vụ,&nbsp;ứng dụng tr&ecirc;n nền 5G như: giao lưu với robot m&ocirc; phỏng c&aacute;c động t&aacute;c được điều khiển từ&nbsp;xa qua s&oacute;ng 5G, chơi tr&ograve; chơi thực tế ảo tr&ecirc;n đ&aacute;m m&acirc;y, xem video trực tuyến với độ ph&acirc;n&nbsp;giải 8K, du lịch ảo qua camera 360... v&agrave; một số ứng dụng như nh&agrave; th&ocirc;ng minh (smarthouse), c&aacute;c ứng dụng kết nối internet vạn vật (IoT) như đo quan trắc m&ocirc;i trường nước,&nbsp;kh&ocirc;ng kh&iacute;, đo c&ocirc;ng tơ điện từ xa,&hellip; Tuy vậy, điểm đ&aacute;ng ch&uacute; &yacute; nhất tại buổi lễ l&agrave; những chiếc smartphone được sử dụng trong thử nghiệm lần n&agrave;y.</p>\r\n\r\n<p><img alt=\"Viettel, mạng Viettel, Viettel 5G, đánh giá Viettel 5G, OPPO Reno, OPPO Reno 5G\" src=\"https://media.techz.vn/media2019/upload/2019/09/21/image-1569055639-DSC03499.jpg\" /></p>\r\n\r\n<p>OPPO Reno 5G g&acirc;y ch&uacute; &yacute; hồi đầu năm nay khi được mang tham chiếu thử nghiệm mạng 5G đầu ti&ecirc;n tại ch&acirc;u &Acirc;u. Tại Việt Nam, nhờ sự tương th&iacute;ch c&aacute;c chuẩn kết nối quan trọng m&agrave; Viettel cung cấp, OPPO Reno 5G đ&atilde; g&oacute;p mặt tại sự kiện. Qua trải nghiệm thực tế, Reno 5G cho khả năng tương th&iacute;ch tuyệt đối v&agrave; tốc độ kết nối đạt 815Mbps. Tốc độ tải xuống cao nhất nghi nhận được khoảng 816 Mbps v&agrave; tốc độ tải l&ecirc;n cao nhất ghi nhận được hơn 74 Mbps. Khi so s&aacute;nh với kết nối 4G, Reno 5G cho tốc độ kết nối cao gấp nhiều lần cả về tốc độ tải l&ecirc;n v&agrave; tốc độ tải xuống. Kết quả n&agrave;y ghi nhận qu&aacute; tr&igrave;nh đầu tư nghi&ecirc;m t&uacute;c v&agrave; ti&ecirc;n phong khai ph&aacute; c&ocirc;ng nghệ 5G của OPPO trong thời gian qua, đồng thời thiết lập niềm tin sẽ mang đến nhiều trải nghiệm tuyệt vời khi h&atilde;ng dự kiến thương mại smartphone 5G đầu ti&ecirc;n tại Việt Nam trong năm 2020.</p>\r\n\r\n<p><img alt=\"Viettel, mạng Viettel, Viettel 5G, đánh giá Viettel 5G, OPPO Reno, OPPO Reno 5G\" src=\"https://media.techz.vn/media2019/upload/2019/09/21/image-1569055639-3.%20So%20sanh%20speedtest%205G%20&amp;%204G.jpg\" /></p>\r\n\r\n<p><em>Tốc độ vượt trội của mạng 5G so với 4G được thể hiện qua OPPO Reno 5G</em></p>\r\n\r\n<p>C&ocirc;ng nghệ mạng 5G được xem l&agrave; nh&acirc;n tố quan trọng l&agrave;m thay đổi thế giới trong &iacute;t nhất nửa thập kỉ tới. Việc ph&aacute;t triển mạng 5G sẽ gi&uacute;p tốc độ kết nối giữa c&aacute;c thiết bị trở n&ecirc;n nhanh hơn, n&acirc;ng cao trải nghiệm của người d&ugrave;ng. Ngo&agrave;i ra, những chiếc điện thoại 5G của OPPO hứa hẹn sẽ mang đến nhiều t&iacute;nh năng hữu &iacute;ch như giải tr&iacute; bằng thực tế ảo sống động; kết nối nhiều hơn bằng cuộc gọi video với tốc độ cao v&agrave; chất lượng sắc n&eacute;t; ph&aacute;t trực tiếp bằng h&igrave;nh ảnh 360 độ; tăng cường t&iacute;nh năng lồng gh&eacute;p, xử l&yacute; h&igrave;nh ảnh n&acirc;ng cao bằng tr&iacute; tuệ nh&acirc;n tạo&hellip;</p>\r\n', 'img/news/image-techz-1569055661.jpg', '27/09/2019', 11),
('Samsung Galaxy Note 10 thiết lập kỷ lục vô tiền khoáng hậu về doanh số', 'Samsung Electronics thông báo đã bán được hơn 1 triệu chiếc Galaxy Note 10 tại Hàn Quốc, trở thành chiếc smartphone Samsung nhanh nhất đạt được cột mốc đáng mơ ước này', '<p>Doanh số của&nbsp;<a href=\"http://bongdaplus.vn/galaxy-note-10-tags.html\">Galaxy Note 10</a>&nbsp;v&agrave; Note 10+ được coi l&agrave; tốt nhất trong cả d&ograve;ng Galaxy S v&agrave; Galaxy Note, cao hơn gấp hai lần doanh số của Galaxy Note 9.</p>\r\n\r\n<p>Theo c&aacute;c b&aacute;o c&aacute;o, Samsung&nbsp;<a href=\"http://bongdaplus.vn/galaxy-s8-tags.html\">Galaxy S8</a>&nbsp;từng lập kỷ lục với doanh số 1 triệu chiếc nhưng phải mất tới 37 ng&agrave;y.&nbsp;Trong khi đ&oacute;, đơn đặt h&agrave;ng trước của Samsung Note 10 v&agrave; Note 10+ đ&atilde; vượt qua mức 1.3 triệu chiếc chỉ sau 10 ng&agrave;y. Galaxy Note 10+ (chiếm 67% doanh số của d&ograve;ng Note 10) h&uacute;t kh&aacute;ch hơn so với bản ti&ecirc;u chuẩn.</p>\r\n\r\n<p><img alt=\"\" src=\"https://media.techz.vn/media2019/upload/2019/09/23/image-1569234673-note-10-thiet-lap-ky-luc-vo-tien-khoang-hau-ve-doanh-so-1.jpg\" /></p>\r\n\r\n<p>Th&agrave;nh c&ocirc;ng của Note 10 c&oacute; &yacute; nghĩa rất quan trọng đối với Samsung trong bối cảnh phải chịu sự sụt giảm trong hoạt động kinh doanh thiết bị di động qu&yacute; II năm nay.</p>\r\n\r\n<p>Samsung Galaxy Note 10 được trang bị m&agrave;n h&igrave;nh 6,3 inch v&agrave; độ ph&acirc;n giải Full HD+. C&ograve;n Galaxy Note 10+ c&oacute; m&agrave;n h&igrave;nh 6,8 inch lớn hơn, độ ph&acirc;n giải Quad HD+. Cả hai m&agrave;n h&igrave;nh n&agrave;y đều sử dụng c&ocirc;ng nghệ Dynamic AMOLED với chứng nhận HDR10+.</p>\r\n\r\n<p><img alt=\"\" src=\"https://media.techz.vn/media2019/upload/2019/09/23/image-1569234673-note-10-thiet-lap-ky-luc-vo-tien-khoang-hau-ve-doanh-so-2.jpg\" /></p>\r\n\r\n<p>Nh&agrave; sản xuất tặng k&egrave;m tai nghe USB-C thay cho cổng &acirc;m thanh 3.5mm của&nbsp; c&aacute;c sản phẩm trước đ&oacute;. N&uacute;t gọi Bixby cũng kh&ocirc;ng c&ograve;n.</p>\r\n\r\n<p>Galaxy Note 10 v&agrave; Note 10 Plus vẫn c&oacute; viền m&agrave;n h&igrave;nh si&ecirc;u mỏng, thiết kế m&agrave;n h&igrave;nh cong tr&agrave;n cạnh, gi&uacute;p cho tỉ lệ m&agrave;n h&igrave;nh tr&ecirc;n mặt trước c&oacute; thể l&ecirc;n tới tr&ecirc;n 90%.</p>\r\n\r\n<p><img alt=\"\" src=\"https://media.techz.vn/media2019/upload/2019/09/23/image-1569234673-note-10-thiet-lap-ky-luc-vo-tien-khoang-hau-ve-doanh-so-3.jpg\" /></p>\r\n\r\n<p>Galaxy Note 10 c&oacute; bộ 3 camera mặt sau, cảm biến ch&iacute;nh 12 MP hỗ trợ ổn định quang học, khẩu độ k&eacute;p (F/1.5 &ndash; F/2.4). Ngo&agrave;i ra, n&oacute; c&ograve;n c&oacute; camera tele 12 MP với OIS, camera g&oacute;c rộng 120 độ 16 MP. Galaxy Note 10 Plus c&oacute; th&ecirc;m cảm biến 3D ToF, được sử dụng trong ứng dụng 3D Scanner.</p>\r\n\r\n<p><img alt=\"\" src=\"https://media.techz.vn/media2019/upload/2019/09/23/image-1569234674-note-10-thiet-lap-ky-luc-vo-tien-khoang-hau-ve-doanh-so-4.jpg\" /></p>\r\n\r\n<p>Bộ đ&ocirc;i Galaxy Note 10 c&oacute; thể quay video 4K v&agrave; hỗ trợ cả t&iacute;nh năng x&oacute;a ph&ocirc;ng khi quay video. Tr&igrave;nh chỉnh sửa video cũng được n&acirc;ng cấp, c&oacute; thể tận dụng b&uacute;t S Pen để khiến việc cắt gh&eacute;p video được nhanh hơn.</p>\r\n\r\n<p>Về cấu h&igrave;nh phần cứng, Galaxy Note 10/Note 10+ được trang bị 2 phi&ecirc;n bản chip l&agrave; Snapdragon 855 v&agrave; Exynos 9825. Exynos 9825 được sản xuất tr&ecirc;n tiến tr&igrave;nh 7nm cho hiệu năng tốt v&agrave; tiết kiệm năng lượng hơn.</p>\r\n\r\n<p><img alt=\"\" src=\"https://media.techz.vn/media2019/upload/2019/09/23/image-1569234674-note-10-thiet-lap-ky-luc-vo-tien-khoang-hau-ve-doanh-so-5.jpg\" /></p>\r\n\r\n<p>Galaxy Note 10 sở hữu bộ nhớ RAM 8GB, đi k&egrave;m bộ nhớ lưu trữ 256GB, nhưng kh&ocirc;ng hỗ trợ khe cắm thẻ nhớ ngo&agrave;i, đi k&egrave;m thỏi pin c&oacute; dung lượng 3.500mAh. Trong khi đ&oacute; Galaxy Note 10+ sở hữu bộ nhớ RAM l&ecirc;n đến 12GB, bộ nhớ lưu trữ 256GB hoặc 512GB v&agrave; c&oacute; hỗ trợ khe cắm thẻ nhớ ngo&agrave;i, đi k&egrave;m thỏi pin c&oacute; dung lượng 4.300mAh v&agrave; đều hỗ trợ sạc nhanh 45W.</p>\r\n', 'img/news/image-techz-1569234698.jpg', '27/09/2019', 12),
('Apple chính thức phát hành iOS 13, hãy tải về và trải nghiệm!', 'Sau thời gian dài thử nghiệm, cuối cùng Apple đã chính thức tung ra phiên bản iOS 13 với nhiều thay đổi lớn', '<p>iOS 13 mang đến cho người d&ugrave;ng iPhone/iPad rất nhiều những thay đổi lớn, phải kể đến chế độ Dark Mode, b&agrave;n ph&iacute;m QuickPath, Memoji mới, tuỳ chỉnh h&igrave;nh ảnh mạnh mẽ hơn, chế độ chụp ch&acirc;n dung Portrait Lightning, thay đổi giao diện h&agrave;ng loạt tr&ecirc;n c&aacute;c ứng dụng Reminder, Note, Mail hay Apple Maps.&nbsp;</p>\r\n\r\n<p><img alt=\"Apple, chính thức, iOS 13, tải iOS 13, hướng dẫn tải iOS 13, nâng cấp\" src=\"https://media.techz.vn/media2019/upload/2019/09/20/image-1568937477-iOS-13-Memoji-customization.jpg\" /></p>\r\n\r\n<p>iPad với c&ocirc;ng cuộc c&aacute;ch t&acirc;n lớn với iPadOS, cụ thể như giao diện đa nhiệm ho&agrave;n to&agrave;n mới, hỗ trợ chuột, duyệt web với giao diện PC hay sử dụng m&aacute;y t&iacute;nh bảng l&agrave;m m&agrave;n h&igrave;nh thứ 2 khi kết hợp với macOS Catalina.</p>\r\n\r\n<p><img alt=\"Apple, chính thức, iOS 13, tải iOS 13, hướng dẫn tải iOS 13, nâng cấp\" src=\"https://media.techz.vn/media2019/upload/2019/09/20/image-1568937522-maxresdefault.jpg\" /></p>\r\n\r\n<p>Để tải về iOS 13, người d&ugrave;ng vui l&ograve;ng truy cập&nbsp;<em>C&agrave;i đặt (Settings) &gt; C&agrave;i đặt chung (General) &gt; Cập nhật phần mềm (Software Update)</em>&nbsp;v&agrave; tiến h&agrave;nh n&acirc;ng cấp.</p>\r\n\r\n<p>Nếu bạn đang ở phi&ecirc;n bản beta, vui l&ograve;ng truy cập&nbsp;<em>Settings &gt; General (tại phần Profiles - Xo&aacute; cấu h&igrave;nh beta) &gt; V&agrave;o Software Update</em>&nbsp;v&agrave; tiến h&agrave;nh cập nhật.&nbsp;</p>\r\n\r\n<p><img alt=\"Apple, chính thức, iOS 13, tải iOS 13, hướng dẫn tải iOS 13, nâng cấp\" src=\"https://media.techz.vn/media2019/upload/2019/09/20/image-1568937483-other-new-iOS-13-features.jpg\" /></p>\r\n\r\n<h3>Lưu &yacute; trước khi n&acirc;ng cấp</h3>\r\n\r\n<p>- Sao lưu an to&agrave;n dữ liệu trước khi cập nhật</p>\r\n\r\n<p>- Giải ph&oacute;ng bộ nhớ để thiết bị c&oacute; kh&ocirc;ng gian chứa hệ điều h&agrave;nh mới&nbsp;</p>\r\n\r\n<p>- Trước khi cập nhật, thời lượng pin thiết bị đảm bảo lớn hơn 50% pin&nbsp;</p>\r\n\r\n<p><strong>DƯỚI Đ&Acirc;Y L&Agrave; DANH S&Aacute;CH C&Aacute;C THIẾT BỊ ĐƯỢC HỖ TRỢ N&Acirc;NG CẤP L&Ecirc;N IOS 13.</strong></p>\r\n\r\n<p>- iPhone XR XS, XS Max</p>\r\n\r\n<p>- iPhone X</p>\r\n\r\n<p>- iPhone 8, 8 Plus</p>\r\n\r\n<p>- iPhone 7, 7 Plus</p>\r\n\r\n<p>- iPhone 6s, 6s Plus</p>\r\n\r\n<p>- iPhone SE</p>\r\n\r\n<p>- iPod touch (thế hệ 7)</p>\r\n\r\n<p><strong>C&Aacute;C PHI&Ecirc;N BẢN IPAD:</strong></p>\r\n\r\n<p>- iPad Pro 12.9 inch, 11 inch, 10.5 inch and 9.7 inch</p>\r\n\r\n<p>- iPad thế hệ 6</p>\r\n\r\n<p>- iPad thế hệ 5</p>\r\n\r\n<p>- iPad mini (thế hệ 5)</p>\r\n\r\n<p>- iPad mini 4</p>\r\n\r\n<p>- iPad Air (thế hệ 3)</p>\r\n\r\n<p>- iPad Air 2</p>\r\n', 'img/news/image-techz-1568937479.jpg', '27/09/2019', 13);

--
-- Chỉ mục cho các bảng đã đổ
--

--
-- Chỉ mục cho bảng `account`
--
ALTER TABLE `account`
  ADD PRIMARY KEY (`username`);

--
-- Chỉ mục cho bảng `cart`
--
ALTER TABLE `cart`
  ADD PRIMARY KEY (`id`);

--
-- Chỉ mục cho bảng `group`
--
ALTER TABLE `group`
  ADD PRIMARY KEY (`id`);

--
-- Chỉ mục cho bảng `image`
--
ALTER TABLE `image`
  ADD PRIMARY KEY (`id`);

--
-- Chỉ mục cho bảng `item`
--
ALTER TABLE `item`
  ADD PRIMARY KEY (`id`);

--
-- Chỉ mục cho bảng `news`
--
ALTER TABLE `news`
  ADD PRIMARY KEY (`id`);

--
-- AUTO_INCREMENT cho các bảng đã đổ
--

--
-- AUTO_INCREMENT cho bảng `cart`
--
ALTER TABLE `cart`
  MODIFY `id` int(11) NOT NULL AUTO_INCREMENT, AUTO_INCREMENT=49;

--
-- AUTO_INCREMENT cho bảng `group`
--
ALTER TABLE `group`
  MODIFY `id` int(11) NOT NULL AUTO_INCREMENT, AUTO_INCREMENT=10;

--
-- AUTO_INCREMENT cho bảng `image`
--
ALTER TABLE `image`
  MODIFY `id` int(11) NOT NULL AUTO_INCREMENT, AUTO_INCREMENT=124;

--
-- AUTO_INCREMENT cho bảng `item`
--
ALTER TABLE `item`
  MODIFY `id` int(11) NOT NULL AUTO_INCREMENT, AUTO_INCREMENT=8;

--
-- AUTO_INCREMENT cho bảng `news`
--
ALTER TABLE `news`
  MODIFY `id` int(11) NOT NULL AUTO_INCREMENT, AUTO_INCREMENT=14;
COMMIT;

/*!40101 SET CHARACTER_SET_CLIENT=@OLD_CHARACTER_SET_CLIENT */;
/*!40101 SET CHARACTER_SET_RESULTS=@OLD_CHARACTER_SET_RESULTS */;
/*!40101 SET COLLATION_CONNECTION=@OLD_COLLATION_CONNECTION */;
